mean_fit_time,std_fit_time,mean_score_time,std_score_time,param_C,param_degree,param_gamma,param_kernel,params,split0_test_score,split1_test_score,split2_test_score,split3_test_score,split4_test_score,mean_test_score,std_test_score,rank_test_score
0.025008630752563477,0.0037921989369306885,0.007386970520019531,0.0008750379095081932,0.01,2,scale,linear,"{'C': 0.01, 'degree': 2, 'gamma': 'scale', 'kernel': 'linear'}",0.5958333333333333,0.5958333333333333,0.5583333333333333,0.6166666666666667,0.6083333333333333,0.595,0.019965247584518224,126
0.0516392707824707,0.004873435355631898,0.014413547515869141,0.004228590936019708,0.01,2,scale,rbf,"{'C': 0.01, 'degree': 2, 'gamma': 'scale', 'kernel': 'rbf'}",0.5583333333333333,0.5708333333333333,0.5416666666666666,0.6041666666666666,0.575,0.57,0.020649186155606437,186
0.046115970611572264,0.007383016488325617,0.007909202575683593,0.0041301322579217654,0.01,2,scale,poly,"{'C': 0.01, 'degree': 2, 'gamma': 'scale', 'kernel': 'poly'}",0.4,0.37916666666666665,0.29583333333333334,0.37083333333333335,0.37083333333333335,0.36333333333333334,0.0353946009693255,222
0.023467826843261718,0.006386327393372836,0.006383514404296875,0.00212673526453925,0.01,2,auto,linear,"{'C': 0.01, 'degree': 2, 'gamma': 'auto', 'kernel': 'linear'}",0.5958333333333333,0.5958333333333333,0.5583333333333333,0.6166666666666667,0.6083333333333333,0.595,0.019965247584518224,126
0.049744367599487305,0.005241782692922438,0.010720205307006837,0.0009930550073094313,0.01,2,auto,rbf,"{'C': 0.01, 'degree': 2, 'gamma': 'auto', 'kernel': 'rbf'}",0.5541666666666667,0.5708333333333333,0.5416666666666666,0.6041666666666666,0.575,0.5691666666666666,0.02118044171189805,189
0.041930770874023436,0.005045358036795839,0.008308982849121094,0.00197070680653039,0.01,2,auto,poly,"{'C': 0.01, 'degree': 2, 'gamma': 'auto', 'kernel': 'poly'}",0.4,0.37916666666666665,0.29583333333333334,0.37083333333333335,0.37083333333333335,0.36333333333333334,0.0353946009693255,222
0.019334983825683594,0.0015696702224694164,0.0054400920867919925,0.0021221799729846044,0.01,2,0.001,linear,"{'C': 0.01, 'degree': 2, 'gamma': 0.001, 'kernel': 'linear'}",0.5958333333333333,0.5958333333333333,0.5583333333333333,0.6166666666666667,0.6083333333333333,0.595,0.019965247584518224,126
0.04859380722045899,0.00906533452755071,0.012229585647583007,0.003038922885292786,0.01,2,0.001,rbf,"{'C': 0.01, 'degree': 2, 'gamma': 0.001, 'kernel': 'rbf'}",0.5541666666666667,0.5333333333333333,0.5375,0.5791666666666667,0.5541666666666667,0.5516666666666666,0.016158932858054455,200
0.04094676971435547,0.003828714792822026,0.006365442276000976,0.0016394746038835368,0.01,2,0.001,poly,"{'C': 0.01, 'degree': 2, 'gamma': 0.001, 'kernel': 'poly'}",0.4,0.37916666666666665,0.29583333333333334,0.37083333333333335,0.37083333333333335,0.36333333333333334,0.0353946009693255,222
0.022938346862792967,0.0031477978652260396,0.00584564208984375,0.0018643679485432834,0.01,2,0.01,linear,"{'C': 0.01, 'degree': 2, 'gamma': 0.01, 'kernel': 'linear'}",0.5958333333333333,0.5958333333333333,0.5583333333333333,0.6166666666666667,0.6083333333333333,0.595,0.019965247584518224,126
0.051220035552978514,0.006167744550065113,0.016129446029663087,0.003511966856936881,0.01,2,0.01,rbf,"{'C': 0.01, 'degree': 2, 'gamma': 0.01, 'kernel': 'rbf'}",0.5708333333333333,0.5708333333333333,0.5375,0.5875,0.5958333333333333,0.5725,0.020000000000000007,182
0.038511466979980466,0.005244343158219984,0.0056383609771728516,0.0011223540670737726,0.01,2,0.01,poly,"{'C': 0.01, 'degree': 2, 'gamma': 0.01, 'kernel': 'poly'}",0.4,0.37916666666666665,0.29583333333333334,0.37083333333333335,0.37083333333333335,0.36333333333333334,0.0353946009693255,222
0.01953301429748535,0.0013548346711667514,0.005254602432250977,0.002055545828605962,0.01,2,0.1,linear,"{'C': 0.01, 'degree': 2, 'gamma': 0.1, 'kernel': 'linear'}",0.5958333333333333,0.5958333333333333,0.5583333333333333,0.6166666666666667,0.6083333333333333,0.595,0.019965247584518224,126
0.052470731735229495,0.006205549230944882,0.013494586944580078,0.004062034142908935,0.01,2,0.1,rbf,"{'C': 0.01, 'degree': 2, 'gamma': 0.1, 'kernel': 'rbf'}",0.3416666666666667,0.30833333333333335,0.35,0.3333333333333333,0.35833333333333334,0.3383333333333333,0.017159383568311662,233
0.039974546432495116,0.004952279723443943,0.0063685417175292965,0.0020849631572745493,0.01,2,0.1,poly,"{'C': 0.01, 'degree': 2, 'gamma': 0.1, 'kernel': 'poly'}",0.4666666666666667,0.425,0.4708333333333333,0.45,0.4708333333333333,0.45666666666666667,0.0175989267349524,216
0.021851873397827147,0.005192018664456942,0.005201530456542969,0.0021496150981859235,0.01,2,1,linear,"{'C': 0.01, 'degree': 2, 'gamma': 1, 'kernel': 'linear'}",0.5958333333333333,0.5958333333333333,0.5583333333333333,0.6166666666666667,0.6083333333333333,0.595,0.019965247584518224,126
0.05175261497497559,0.006263420247313883,0.015076398849487305,0.0050595309290198875,0.01,2,1,rbf,"{'C': 0.01, 'degree': 2, 'gamma': 1, 'kernel': 'rbf'}",0.25833333333333336,0.26666666666666666,0.25,0.25,0.25416666666666665,0.2558333333333333,0.006236095644623237,265
0.03130326271057129,0.0033608506951063994,0.007543325424194336,0.0019452338825685577,0.01,2,1,poly,"{'C': 0.01, 'degree': 2, 'gamma': 1, 'kernel': 'poly'}",0.6416666666666667,0.5875,0.5083333333333333,0.5916666666666667,0.5458333333333333,0.575,0.04510789534241456,170
0.018834590911865234,0.0025707920628176926,0.004625988006591797,0.001576704309232966,0.01,3,scale,linear,"{'C': 0.01, 'degree': 3, 'gamma': 'scale', 'kernel': 'linear'}",0.5958333333333333,0.5958333333333333,0.5583333333333333,0.6166666666666667,0.6083333333333333,0.595,0.019965247584518224,126
0.05003762245178223,0.008065150018307918,0.014873600006103516,0.0036048014651645826,0.01,3,scale,rbf,"{'C': 0.01, 'degree': 3, 'gamma': 'scale', 'kernel': 'rbf'}",0.5583333333333333,0.5708333333333333,0.5416666666666666,0.6041666666666666,0.575,0.57,0.020649186155606437,186
0.03880553245544434,0.004571218591782256,0.007182264328002929,0.0018255450298052239,0.01,3,scale,poly,"{'C': 0.01, 'degree': 3, 'gamma': 'scale', 'kernel': 'poly'}",0.35,0.35,0.26666666666666666,0.25416666666666665,0.2833333333333333,0.3008333333333333,0.04119735698102758,237
0.02179851531982422,0.003793053795096256,0.004074716567993164,0.0007267668397800308,0.01,3,auto,linear,"{'C': 0.01, 'degree': 3, 'gamma': 'auto', 'kernel': 'linear'}",0.5958333333333333,0.5958333333333333,0.5583333333333333,0.6166666666666667,0.6083333333333333,0.595,0.019965247584518224,126
0.04671158790588379,0.010451455863954162,0.016391229629516602,0.006657468925350495,0.01,3,auto,rbf,"{'C': 0.01, 'degree': 3, 'gamma': 'auto', 'kernel': 'rbf'}",0.5541666666666667,0.5708333333333333,0.5416666666666666,0.6041666666666666,0.575,0.5691666666666666,0.02118044171189805,189
0.037064409255981444,0.007621034714516476,0.0060750007629394535,0.0024556096741074436,0.01,3,auto,poly,"{'C': 0.01, 'degree': 3, 'gamma': 'auto', 'kernel': 'poly'}",0.35,0.35,0.26666666666666666,0.25416666666666665,0.2833333333333333,0.3008333333333333,0.04119735698102758,237
0.0195253849029541,0.003891988697123219,0.003936290740966797,0.0007640336058720395,0.01,3,0.001,linear,"{'C': 0.01, 'degree': 3, 'gamma': 0.001, 'kernel': 'linear'}",0.5958333333333333,0.5958333333333333,0.5583333333333333,0.6166666666666667,0.6083333333333333,0.595,0.019965247584518224,126
0.05100994110107422,0.014265956118773335,0.013933086395263672,0.004222781204418708,0.01,3,0.001,rbf,"{'C': 0.01, 'degree': 3, 'gamma': 0.001, 'kernel': 'rbf'}",0.5541666666666667,0.5333333333333333,0.5375,0.5791666666666667,0.5541666666666667,0.5516666666666666,0.016158932858054455,200
0.0449711799621582,0.005050767053038454,0.005906820297241211,0.001949587164727586,0.01,3,0.001,poly,"{'C': 0.01, 'degree': 3, 'gamma': 0.001, 'kernel': 'poly'}",0.35,0.35,0.26666666666666666,0.25416666666666665,0.2833333333333333,0.3008333333333333,0.04119735698102758,237
0.0259185791015625,0.005669158891193527,0.004933786392211914,0.0021356037159244562,0.01,3,0.01,linear,"{'C': 0.01, 'degree': 3, 'gamma': 0.01, 'kernel': 'linear'}",0.5958333333333333,0.5958333333333333,0.5583333333333333,0.6166666666666667,0.6083333333333333,0.595,0.019965247584518224,126
0.04552640914916992,0.008735698704275168,0.014521980285644531,0.002497692291058815,0.01,3,0.01,rbf,"{'C': 0.01, 'degree': 3, 'gamma': 0.01, 'kernel': 'rbf'}",0.5708333333333333,0.5708333333333333,0.5375,0.5875,0.5958333333333333,0.5725,0.020000000000000007,182
0.037316513061523435,0.00423372558692142,0.00485682487487793,0.00047290898219339413,0.01,3,0.01,poly,"{'C': 0.01, 'degree': 3, 'gamma': 0.01, 'kernel': 'poly'}",0.35,0.35,0.26666666666666666,0.25416666666666665,0.2833333333333333,0.3008333333333333,0.04119735698102758,237
0.02223348617553711,0.0031904912460648744,0.006112384796142578,0.002531806976646929,0.01,3,0.1,linear,"{'C': 0.01, 'degree': 3, 'gamma': 0.1, 'kernel': 'linear'}",0.5958333333333333,0.5958333333333333,0.5583333333333333,0.6166666666666667,0.6083333333333333,0.595,0.019965247584518224,126
0.047710609436035153,0.013935240113076968,0.015533781051635743,0.003575079931893396,0.01,3,0.1,rbf,"{'C': 0.01, 'degree': 3, 'gamma': 0.1, 'kernel': 'rbf'}",0.3416666666666667,0.30833333333333335,0.35,0.3333333333333333,0.35833333333333334,0.3383333333333333,0.017159383568311662,233
0.02977781295776367,0.004459316382803236,0.005791664123535156,0.0022754114904471536,0.01,3,0.1,poly,"{'C': 0.01, 'degree': 3, 'gamma': 0.1, 'kernel': 'poly'}",0.55,0.55,0.49166666666666664,0.5875,0.5083333333333333,0.5375,0.033952581312438966,206
0.02752518653869629,0.004233875149894365,0.006209564208984375,0.0022527038128064775,0.01,3,1,linear,"{'C': 0.01, 'degree': 3, 'gamma': 1, 'kernel': 'linear'}",0.5958333333333333,0.5958333333333333,0.5583333333333333,0.6166666666666667,0.6083333333333333,0.595,0.019965247584518224,126
0.048626375198364255,0.009875980683970175,0.016749811172485352,0.005738123728035095,0.01,3,1,rbf,"{'C': 0.01, 'degree': 3, 'gamma': 1, 'kernel': 'rbf'}",0.25833333333333336,0.26666666666666666,0.25,0.25,0.25416666666666665,0.2558333333333333,0.006236095644623237,265
0.03924946784973145,0.008181213973748942,0.005525541305541992,0.0014624720440118465,0.01,3,1,poly,"{'C': 0.01, 'degree': 3, 'gamma': 1, 'kernel': 'poly'}",0.5958333333333333,0.6208333333333333,0.5375,0.6041666666666666,0.6125,0.5941666666666666,0.029533408577782264,150
0.027419662475585936,0.006179867656237569,0.004560232162475586,0.0018940047374874699,0.01,4,scale,linear,"{'C': 0.01, 'degree': 4, 'gamma': 'scale', 'kernel': 'linear'}",0.5958333333333333,0.5958333333333333,0.5583333333333333,0.6166666666666667,0.6083333333333333,0.595,0.019965247584518224,126
0.04126462936401367,0.008670336549405381,0.010432910919189454,0.0010726298922321392,0.01,4,scale,rbf,"{'C': 0.01, 'degree': 4, 'gamma': 'scale', 'kernel': 'rbf'}",0.5583333333333333,0.5708333333333333,0.5416666666666666,0.6041666666666666,0.575,0.57,0.020649186155606437,186
0.039876461029052734,0.007832336401686249,0.006307840347290039,0.0024384832812569344,0.01,4,scale,poly,"{'C': 0.01, 'degree': 4, 'gamma': 'scale', 'kernel': 'poly'}",0.25833333333333336,0.25,0.23333333333333334,0.3125,0.22916666666666666,0.2566666666666667,0.029884035128401848,255
0.02471437454223633,0.004885208060054467,0.006946706771850586,0.00255803085476462,0.01,4,auto,linear,"{'C': 0.01, 'degree': 4, 'gamma': 'auto', 'kernel': 'linear'}",0.5958333333333333,0.5958333333333333,0.5583333333333333,0.6166666666666667,0.6083333333333333,0.595,0.019965247584518224,126
0.05825061798095703,0.007084781892201828,0.014227533340454101,0.0028636727245630743,0.01,4,auto,rbf,"{'C': 0.01, 'degree': 4, 'gamma': 'auto', 'kernel': 'rbf'}",0.5541666666666667,0.5708333333333333,0.5416666666666666,0.6041666666666666,0.575,0.5691666666666666,0.02118044171189805,189
0.038674354553222656,0.003238763059693715,0.007942485809326171,0.003074003498121999,0.01,4,auto,poly,"{'C': 0.01, 'degree': 4, 'gamma': 'auto', 'kernel': 'poly'}",0.25833333333333336,0.25,0.23333333333333334,0.3125,0.22916666666666666,0.2566666666666667,0.029884035128401848,255
0.027297019958496094,0.009446135178647935,0.007305669784545899,0.0023801270336499627,0.01,4,0.001,linear,"{'C': 0.01, 'degree': 4, 'gamma': 0.001, 'kernel': 'linear'}",0.5958333333333333,0.5958333333333333,0.5583333333333333,0.6166666666666667,0.6083333333333333,0.595,0.019965247584518224,126
0.04728279113769531,0.008867501662648191,0.01569256782531738,0.004352185443840912,0.01,4,0.001,rbf,"{'C': 0.01, 'degree': 4, 'gamma': 0.001, 'kernel': 'rbf'}",0.5541666666666667,0.5333333333333333,0.5375,0.5791666666666667,0.5541666666666667,0.5516666666666666,0.016158932858054455,200
0.04147024154663086,0.006473457600927433,0.006732368469238281,0.0018935742559088612,0.01,4,0.001,poly,"{'C': 0.01, 'degree': 4, 'gamma': 0.001, 'kernel': 'poly'}",0.25833333333333336,0.25,0.23333333333333334,0.3125,0.22916666666666666,0.2566666666666667,0.029884035128401848,255
0.029547929763793945,0.004169297228616283,0.006203079223632812,0.0016091606168792722,0.01,4,0.01,linear,"{'C': 0.01, 'degree': 4, 'gamma': 0.01, 'kernel': 'linear'}",0.5958333333333333,0.5958333333333333,0.5583333333333333,0.6166666666666667,0.6083333333333333,0.595,0.019965247584518224,126
0.042602157592773436,0.006697570617815254,0.012430429458618164,0.0035819380263902214,0.01,4,0.01,rbf,"{'C': 0.01, 'degree': 4, 'gamma': 0.01, 'kernel': 'rbf'}",0.5708333333333333,0.5708333333333333,0.5375,0.5875,0.5958333333333333,0.5725,0.020000000000000007,182
0.04435954093933105,0.007270015491000034,0.0067828655242919925,0.0028372020544351556,0.01,4,0.01,poly,"{'C': 0.01, 'degree': 4, 'gamma': 0.01, 'kernel': 'poly'}",0.25833333333333336,0.25,0.23333333333333334,0.3125,0.22916666666666666,0.2566666666666667,0.029884035128401848,255
0.019497442245483398,0.006020455717005361,0.005814838409423828,0.0025341884330524994,0.01,4,0.1,linear,"{'C': 0.01, 'degree': 4, 'gamma': 0.1, 'kernel': 'linear'}",0.5958333333333333,0.5958333333333333,0.5583333333333333,0.6166666666666667,0.6083333333333333,0.595,0.019965247584518224,126
0.05329012870788574,0.007189209427557391,0.015491580963134766,0.00301039323501605,0.01,4,0.1,rbf,"{'C': 0.01, 'degree': 4, 'gamma': 0.1, 'kernel': 'rbf'}",0.3416666666666667,0.30833333333333335,0.35,0.3333333333333333,0.35833333333333334,0.3383333333333333,0.017159383568311662,233
0.03470745086669922,0.004863455611274814,0.008333873748779298,0.002523345377530651,0.01,4,0.1,poly,"{'C': 0.01, 'degree': 4, 'gamma': 0.1, 'kernel': 'poly'}",0.5375,0.5125,0.5416666666666666,0.5041666666666667,0.5083333333333333,0.5208333333333333,0.015590239111558088,210
0.020616483688354493,0.004112612397805202,0.0050045490264892575,0.0017339233432479072,0.01,4,1,linear,"{'C': 0.01, 'degree': 4, 'gamma': 1, 'kernel': 'linear'}",0.5958333333333333,0.5958333333333333,0.5583333333333333,0.6166666666666667,0.6083333333333333,0.595,0.019965247584518224,126
0.043867874145507815,0.009840248531706246,0.012929201126098633,0.004921839876947076,0.01,4,1,rbf,"{'C': 0.01, 'degree': 4, 'gamma': 1, 'kernel': 'rbf'}",0.25833333333333336,0.26666666666666666,0.25,0.25,0.25416666666666665,0.2558333333333333,0.006236095644623237,265
0.04333982467651367,0.006678058495069255,0.007616424560546875,0.002076605385023894,0.01,4,1,poly,"{'C': 0.01, 'degree': 4, 'gamma': 1, 'kernel': 'poly'}",0.5833333333333334,0.6041666666666666,0.5333333333333333,0.5666666666666667,0.5833333333333334,0.5741666666666666,0.02362907813126304,174
0.020767641067504884,0.006555193864838624,0.004941797256469727,0.002171788020649446,0.1,2,scale,linear,"{'C': 0.1, 'degree': 2, 'gamma': 'scale', 'kernel': 'linear'}",0.6041666666666666,0.6125,0.55,0.65,0.6416666666666667,0.6116666666666667,0.03529636430757895,62
0.043108129501342775,0.0035702361321922997,0.013989830017089843,0.005513948696756858,0.1,2,scale,rbf,"{'C': 0.1, 'degree': 2, 'gamma': 'scale', 'kernel': 'rbf'}",0.5791666666666667,0.5958333333333333,0.5791666666666667,0.6125,0.6041666666666666,0.5941666666666667,0.013333333333333317,147
0.033226633071899415,0.004156688095171696,0.005506992340087891,0.0023639452991125855,0.1,2,scale,poly,"{'C': 0.1, 'degree': 2, 'gamma': 'scale', 'kernel': 'poly'}",0.4625,0.4625,0.48333333333333334,0.475,0.4791666666666667,0.4725,0.008579691784155826,212
0.027844333648681642,0.006536525953191204,0.005606842041015625,0.002270918327415253,0.1,2,auto,linear,"{'C': 0.1, 'degree': 2, 'gamma': 'auto', 'kernel': 'linear'}",0.6041666666666666,0.6125,0.55,0.65,0.6416666666666667,0.6116666666666667,0.03529636430757895,62
0.038983631134033206,0.0056198025600130925,0.014919185638427734,0.003497931451103497,0.1,2,auto,rbf,"{'C': 0.1, 'degree': 2, 'gamma': 'auto', 'kernel': 'rbf'}",0.5833333333333334,0.5958333333333333,0.5791666666666667,0.6166666666666667,0.6041666666666666,0.5958333333333333,0.013693063937629138,123
0.04144377708435058,0.005769713772996326,0.007239055633544922,0.0035610549174917606,0.1,2,auto,poly,"{'C': 0.1, 'degree': 2, 'gamma': 'auto', 'kernel': 'poly'}",0.4625,0.4625,0.48333333333333334,0.475,0.4791666666666667,0.4725,0.008579691784155826,212
0.022447538375854493,0.0032014354137258278,0.005453681945800782,0.002003033326768476,0.1,2,0.001,linear,"{'C': 0.1, 'degree': 2, 'gamma': 0.001, 'kernel': 'linear'}",0.6041666666666666,0.6125,0.55,0.65,0.6416666666666667,0.6116666666666667,0.03529636430757895,62
0.04941072463989258,0.006051573902052581,0.01609201431274414,0.004479533817674968,0.1,2,0.001,rbf,"{'C': 0.1, 'degree': 2, 'gamma': 0.001, 'kernel': 'rbf'}",0.5541666666666667,0.5333333333333333,0.5375,0.5791666666666667,0.5541666666666667,0.5516666666666666,0.016158932858054455,200
0.0373624324798584,0.008122916398804277,0.006126308441162109,0.0027466782976870033,0.1,2,0.001,poly,"{'C': 0.1, 'degree': 2, 'gamma': 0.001, 'kernel': 'poly'}",0.4,0.37916666666666665,0.29583333333333334,0.37083333333333335,0.37083333333333335,0.36333333333333334,0.0353946009693255,222
0.023719310760498047,0.005446157465539335,0.004282808303833008,0.00177995553347057,0.1,2,0.01,linear,"{'C': 0.1, 'degree': 2, 'gamma': 0.01, 'kernel': 'linear'}",0.6041666666666666,0.6125,0.55,0.65,0.6416666666666667,0.6116666666666667,0.03529636430757895,62
0.04219040870666504,0.005054259290278661,0.014909601211547852,0.004665793357606552,0.1,2,0.01,rbf,"{'C': 0.1, 'degree': 2, 'gamma': 0.01, 'kernel': 'rbf'}",0.5958333333333333,0.5833333333333334,0.5583333333333333,0.6041666666666666,0.5875,0.5858333333333333,0.015500896031448545,159
0.04281353950500488,0.005190812582001386,0.006901168823242187,0.0024550473167196463,0.1,2,0.01,poly,"{'C': 0.1, 'degree': 2, 'gamma': 0.01, 'kernel': 'poly'}",0.4,0.37916666666666665,0.29583333333333334,0.37083333333333335,0.37083333333333335,0.36333333333333334,0.0353946009693255,222
0.017266035079956055,0.003798261293965412,0.004932832717895508,0.0018728594692410687,0.1,2,0.1,linear,"{'C': 0.1, 'degree': 2, 'gamma': 0.1, 'kernel': 'linear'}",0.6041666666666666,0.6125,0.55,0.65,0.6416666666666667,0.6116666666666667,0.03529636430757895,62
0.04571404457092285,0.007115885030429091,0.015567207336425781,0.006645972966021556,0.1,2,0.1,rbf,"{'C': 0.1, 'degree': 2, 'gamma': 0.1, 'kernel': 'rbf'}",0.3458333333333333,0.30833333333333335,0.35,0.3375,0.3625,0.3408333333333334,0.01814295088089769,230
0.03404302597045898,0.005841042840562271,0.0073316097259521484,0.002758578008489729,0.1,2,0.1,poly,"{'C': 0.1, 'degree': 2, 'gamma': 0.1, 'kernel': 'poly'}",0.6375,0.6,0.5708333333333333,0.6083333333333333,0.5791666666666667,0.5991666666666666,0.023481671339342265,103
0.024808263778686522,0.003978056243258287,0.004505825042724609,0.00129433645103704,0.1,2,1,linear,"{'C': 0.1, 'degree': 2, 'gamma': 1, 'kernel': 'linear'}",0.6041666666666666,0.6125,0.55,0.65,0.6416666666666667,0.6116666666666667,0.03529636430757895,62
0.047611141204833986,0.004163181519051837,0.01386866569519043,0.0043432027489726435,0.1,2,1,rbf,"{'C': 0.1, 'degree': 2, 'gamma': 1, 'kernel': 'rbf'}",0.25833333333333336,0.26666666666666666,0.25,0.25,0.25416666666666665,0.2558333333333333,0.006236095644623237,265
0.0356813907623291,0.006936788886903296,0.005844926834106446,0.00258695689440963,0.1,2,1,poly,"{'C': 0.1, 'degree': 2, 'gamma': 1, 'kernel': 'poly'}",0.5791666666666667,0.575,0.5041666666666667,0.5708333333333333,0.5291666666666667,0.5516666666666667,0.02976761849915292,192
0.02330293655395508,0.004401151621109912,0.006293487548828125,0.0018347962926494618,0.1,3,scale,linear,"{'C': 0.1, 'degree': 3, 'gamma': 'scale', 'kernel': 'linear'}",0.6041666666666666,0.6125,0.55,0.65,0.6416666666666667,0.6116666666666667,0.03529636430757895,62
0.04563517570495605,0.008220199160594806,0.017328262329101562,0.0023644169960169146,0.1,3,scale,rbf,"{'C': 0.1, 'degree': 3, 'gamma': 'scale', 'kernel': 'rbf'}",0.5791666666666667,0.5958333333333333,0.5791666666666667,0.6125,0.6041666666666666,0.5941666666666667,0.013333333333333317,147
0.038063764572143555,0.005615059208713103,0.006564521789550781,0.002191099360682918,0.1,3,scale,poly,"{'C': 0.1, 'degree': 3, 'gamma': 'scale', 'kernel': 'poly'}",0.4666666666666667,0.49166666666666664,0.4375,0.4666666666666667,0.4791666666666667,0.46833333333333327,0.01798919428743575,215
0.014153861999511718,0.000525541560889972,0.0035039424896240235,0.0008616108431160611,0.1,3,auto,linear,"{'C': 0.1, 'degree': 3, 'gamma': 'auto', 'kernel': 'linear'}",0.6041666666666666,0.6125,0.55,0.65,0.6416666666666667,0.6116666666666667,0.03529636430757895,62
0.03722367286682129,0.0025538500885089444,0.01189279556274414,0.002089910698704667,0.1,3,auto,rbf,"{'C': 0.1, 'degree': 3, 'gamma': 'auto', 'kernel': 'rbf'}",0.5833333333333334,0.5958333333333333,0.5791666666666667,0.6166666666666667,0.6041666666666666,0.5958333333333333,0.013693063937629138,123
0.036296653747558597,0.00961354939575456,0.00680389404296875,0.0019824547351830596,0.1,3,auto,poly,"{'C': 0.1, 'degree': 3, 'gamma': 'auto', 'kernel': 'poly'}",0.4666666666666667,0.49166666666666664,0.4375,0.4708333333333333,0.48333333333333334,0.47000000000000003,0.01852175897574405,214
0.022990083694458006,0.004609056554282964,0.004745197296142578,0.0010238472354140544,0.1,3,0.001,linear,"{'C': 0.1, 'degree': 3, 'gamma': 0.001, 'kernel': 'linear'}",0.6041666666666666,0.6125,0.55,0.65,0.6416666666666667,0.6116666666666667,0.03529636430757895,62
0.0505918025970459,0.007574373282304325,0.013543510437011718,0.0022026279938187573,0.1,3,0.001,rbf,"{'C': 0.1, 'degree': 3, 'gamma': 0.001, 'kernel': 'rbf'}",0.5541666666666667,0.5333333333333333,0.5375,0.5791666666666667,0.5541666666666667,0.5516666666666666,0.016158932858054455,200
0.04118423461914063,0.0032935044256869822,0.007608366012573242,0.002807404009387674,0.1,3,0.001,poly,"{'C': 0.1, 'degree': 3, 'gamma': 0.001, 'kernel': 'poly'}",0.35,0.35,0.26666666666666666,0.25416666666666665,0.2833333333333333,0.3008333333333333,0.04119735698102758,237
0.021448755264282228,0.0075447989843957335,0.003852176666259766,0.0013875167404483002,0.1,3,0.01,linear,"{'C': 0.1, 'degree': 3, 'gamma': 0.01, 'kernel': 'linear'}",0.6041666666666666,0.6125,0.55,0.65,0.6416666666666667,0.6116666666666667,0.03529636430757895,62
0.04839167594909668,0.013761104841825121,0.016927433013916016,0.006375770340937995,0.1,3,0.01,rbf,"{'C': 0.1, 'degree': 3, 'gamma': 0.01, 'kernel': 'rbf'}",0.5958333333333333,0.5833333333333334,0.5583333333333333,0.6041666666666666,0.5875,0.5858333333333333,0.015500896031448545,159
0.03806018829345703,0.010187093396982068,0.006212472915649414,0.002148885754883722,0.1,3,0.01,poly,"{'C': 0.1, 'degree': 3, 'gamma': 0.01, 'kernel': 'poly'}",0.35,0.35,0.26666666666666666,0.25416666666666665,0.2833333333333333,0.3008333333333333,0.04119735698102758,237
0.018819427490234374,0.0038119885382245475,0.005581331253051758,0.002270288209035372,0.1,3,0.1,linear,"{'C': 0.1, 'degree': 3, 'gamma': 0.1, 'kernel': 'linear'}",0.6041666666666666,0.6125,0.55,0.65,0.6416666666666667,0.6116666666666667,0.03529636430757895,62
0.04500555992126465,0.006565510257566472,0.019043731689453124,0.003140615758744711,0.1,3,0.1,rbf,"{'C': 0.1, 'degree': 3, 'gamma': 0.1, 'kernel': 'rbf'}",0.3458333333333333,0.30833333333333335,0.35,0.3375,0.3625,0.3408333333333334,0.01814295088089769,230
0.03513865470886231,0.0064692126618400006,0.006386852264404297,0.0020647919055057267,0.1,3,0.1,poly,"{'C': 0.1, 'degree': 3, 'gamma': 0.1, 'kernel': 'poly'}",0.6666666666666666,0.6625,0.5416666666666666,0.625,0.6208333333333333,0.6233333333333333,0.04492277323981185,33
0.022133731842041017,0.006776684411756623,0.005798768997192383,0.00176771210081142,0.1,3,1,linear,"{'C': 0.1, 'degree': 3, 'gamma': 1, 'kernel': 'linear'}",0.6041666666666666,0.6125,0.55,0.65,0.6416666666666667,0.6116666666666667,0.03529636430757895,62
0.04449782371520996,0.005668252774717592,0.018778181076049803,0.007265838828103553,0.1,3,1,rbf,"{'C': 0.1, 'degree': 3, 'gamma': 1, 'kernel': 'rbf'}",0.25833333333333336,0.26666666666666666,0.25,0.25,0.25416666666666665,0.2558333333333333,0.006236095644623237,265
0.037877368927001956,0.008446270393021855,0.007199001312255859,0.002518994305824451,0.1,3,1,poly,"{'C': 0.1, 'degree': 3, 'gamma': 1, 'kernel': 'poly'}",0.5958333333333333,0.6208333333333333,0.5375,0.6041666666666666,0.6125,0.5941666666666666,0.029533408577782264,150
0.02246866226196289,0.0027405850626641176,0.005780220031738281,0.0021923930944845347,0.1,4,scale,linear,"{'C': 0.1, 'degree': 4, 'gamma': 'scale', 'kernel': 'linear'}",0.6041666666666666,0.6125,0.55,0.65,0.6416666666666667,0.6116666666666667,0.03529636430757895,62
0.04187097549438477,0.0034086095706848956,0.016852664947509765,0.001962669889694523,0.1,4,scale,rbf,"{'C': 0.1, 'degree': 4, 'gamma': 'scale', 'kernel': 'rbf'}",0.5791666666666667,0.5958333333333333,0.5791666666666667,0.6125,0.6041666666666666,0.5941666666666667,0.013333333333333317,147
0.04453620910644531,0.0038429466692269858,0.006348848342895508,0.002254643627372936,0.1,4,scale,poly,"{'C': 0.1, 'degree': 4, 'gamma': 'scale', 'kernel': 'poly'}",0.4,0.4041666666666667,0.3375,0.42916666666666664,0.44166666666666665,0.4025,0.03599768511075861,219
0.02479867935180664,0.0061687241675120385,0.005185937881469727,0.0021850736873670813,0.1,4,auto,linear,"{'C': 0.1, 'degree': 4, 'gamma': 'auto', 'kernel': 'linear'}",0.6041666666666666,0.6125,0.55,0.65,0.6416666666666667,0.6116666666666667,0.03529636430757895,62
0.035165262222290036,0.006529486304441108,0.014135122299194336,0.00572391342046268,0.1,4,auto,rbf,"{'C': 0.1, 'degree': 4, 'gamma': 'auto', 'kernel': 'rbf'}",0.5833333333333334,0.5958333333333333,0.5791666666666667,0.6166666666666667,0.6041666666666666,0.5958333333333333,0.013693063937629138,123
0.0408785343170166,0.009334936002298243,0.005888891220092773,0.001513482059557803,0.1,4,auto,poly,"{'C': 0.1, 'degree': 4, 'gamma': 'auto', 'kernel': 'poly'}",0.4041666666666667,0.3958333333333333,0.3375,0.42916666666666664,0.4375,0.4008333333333334,0.03519785346990478,220
0.023113775253295898,0.006394875950736794,0.004856109619140625,0.0014468800960872772,0.1,4,0.001,linear,"{'C': 0.1, 'degree': 4, 'gamma': 0.001, 'kernel': 'linear'}",0.6041666666666666,0.6125,0.55,0.65,0.6416666666666667,0.6116666666666667,0.03529636430757895,62
0.051505756378173825,0.010171956718253822,0.014590787887573241,0.0030152087653052407,0.1,4,0.001,rbf,"{'C': 0.1, 'degree': 4, 'gamma': 0.001, 'kernel': 'rbf'}",0.5541666666666667,0.5333333333333333,0.5375,0.5791666666666667,0.5541666666666667,0.5516666666666666,0.016158932858054455,200
0.03868322372436524,0.0053873958873933096,0.0071277618408203125,0.0018841837620025682,0.1,4,0.001,poly,"{'C': 0.1, 'degree': 4, 'gamma': 0.001, 'kernel': 'poly'}",0.25833333333333336,0.25,0.23333333333333334,0.3125,0.22916666666666666,0.2566666666666667,0.029884035128401848,255
0.02254328727722168,0.003499804995622096,0.005058383941650391,0.002364274935190908,0.1,4,0.01,linear,"{'C': 0.1, 'degree': 4, 'gamma': 0.01, 'kernel': 'linear'}",0.6041666666666666,0.6125,0.55,0.65,0.6416666666666667,0.6116666666666667,0.03529636430757895,62
0.034095382690429686,0.01062931737203547,0.009601402282714843,0.00047813823104583326,0.1,4,0.01,rbf,"{'C': 0.1, 'degree': 4, 'gamma': 0.01, 'kernel': 'rbf'}",0.5958333333333333,0.5833333333333334,0.5583333333333333,0.6041666666666666,0.5875,0.5858333333333333,0.015500896031448545,159
0.03847270011901856,0.0075592680493515585,0.006497812271118164,0.002004334178687427,0.1,4,0.01,poly,"{'C': 0.1, 'degree': 4, 'gamma': 0.01, 'kernel': 'poly'}",0.25833333333333336,0.25,0.23333333333333334,0.3125,0.22916666666666666,0.2566666666666667,0.029884035128401848,255
0.021481752395629883,0.0009466093032478286,0.003802776336669922,0.0013387700213465911,0.1,4,0.1,linear,"{'C': 0.1, 'degree': 4, 'gamma': 0.1, 'kernel': 'linear'}",0.6041666666666666,0.6125,0.55,0.65,0.6416666666666667,0.6116666666666667,0.03529636430757895,62
0.04287066459655762,0.002820981042917155,0.015233087539672851,0.002587601130029232,0.1,4,0.1,rbf,"{'C': 0.1, 'degree': 4, 'gamma': 0.1, 'kernel': 'rbf'}",0.3458333333333333,0.30833333333333335,0.35,0.3375,0.3625,0.3408333333333334,0.01814295088089769,230
0.05227437019348145,0.009629579228671633,0.00879216194152832,0.002360805317067866,0.1,4,0.1,poly,"{'C': 0.1, 'degree': 4, 'gamma': 0.1, 'kernel': 'poly'}",0.5958333333333333,0.5875,0.5291666666666667,0.5916666666666667,0.5916666666666667,0.5791666666666667,0.025138505214997258,165
0.02337961196899414,0.006699646028488133,0.005840730667114258,0.0022053041416804104,0.1,4,1,linear,"{'C': 0.1, 'degree': 4, 'gamma': 1, 'kernel': 'linear'}",0.6041666666666666,0.6125,0.55,0.65,0.6416666666666667,0.6116666666666667,0.03529636430757895,62
0.04562587738037109,0.01050042148051945,0.013591766357421875,0.0032293306444151964,0.1,4,1,rbf,"{'C': 0.1, 'degree': 4, 'gamma': 1, 'kernel': 'rbf'}",0.25833333333333336,0.26666666666666666,0.25,0.25,0.25416666666666665,0.2558333333333333,0.006236095644623237,265
0.03608956336975098,0.0049819344570606675,0.003977489471435547,8.329246472563357e-05,0.1,4,1,poly,"{'C': 0.1, 'degree': 4, 'gamma': 1, 'kernel': 'poly'}",0.5833333333333334,0.6041666666666666,0.5333333333333333,0.5666666666666667,0.5833333333333334,0.5741666666666666,0.02362907813126304,174
0.055134820938110354,0.00928082391463879,0.0035665035247802734,0.0006481275829856105,1.0,2,scale,linear,"{'C': 1, 'degree': 2, 'gamma': 'scale', 'kernel': 'linear'}",0.6041666666666666,0.6125,0.5666666666666667,0.6416666666666667,0.6458333333333334,0.6141666666666667,0.028698625596204296,44
0.03455963134765625,0.004784019583571945,0.012852239608764648,0.004954499944221575,1.0,2,scale,rbf,"{'C': 1, 'degree': 2, 'gamma': 'scale', 'kernel': 'rbf'}",0.6875,0.6375,0.6166666666666667,0.6458333333333334,0.6708333333333333,0.6516666666666666,0.02494438257849293,4
0.03556842803955078,0.007105692316100404,0.006369829177856445,0.0025345813987187544,1.0,2,scale,poly,"{'C': 1, 'degree': 2, 'gamma': 'scale', 'kernel': 'poly'}",0.6291666666666667,0.5875,0.5708333333333333,0.6083333333333333,0.5791666666666667,0.595,0.02114762923408252,126
0.06046528816223144,0.011093139032919091,0.004121589660644531,0.0016496282995666746,1.0,2,auto,linear,"{'C': 1, 'degree': 2, 'gamma': 'auto', 'kernel': 'linear'}",0.6041666666666666,0.6125,0.5666666666666667,0.6416666666666667,0.6458333333333334,0.6141666666666667,0.028698625596204296,44
0.03204545974731445,0.005034012265852149,0.012323665618896484,0.002640850317096183,1.0,2,auto,rbf,"{'C': 1, 'degree': 2, 'gamma': 'auto', 'kernel': 'rbf'}",0.6875,0.6375,0.6166666666666667,0.65,0.6708333333333333,0.6525000000000001,0.02480479344356202,1
0.030574989318847657,0.006865262602534335,0.007515335083007812,0.002194004541482652,1.0,2,auto,poly,"{'C': 1, 'degree': 2, 'gamma': 'auto', 'kernel': 'poly'}",0.6291666666666667,0.5875,0.5708333333333333,0.6083333333333333,0.5791666666666667,0.595,0.02114762923408252,126
0.05380148887634277,0.006914239916226401,0.0036261558532714845,0.0009508072002525571,1.0,2,0.001,linear,"{'C': 1, 'degree': 2, 'gamma': 0.001, 'kernel': 'linear'}",0.6041666666666666,0.6125,0.5666666666666667,0.6416666666666667,0.6458333333333334,0.6141666666666667,0.028698625596204296,44
0.03735227584838867,0.005371911315761446,0.014632034301757812,0.0028193238033530337,1.0,2,0.001,rbf,"{'C': 1, 'degree': 2, 'gamma': 0.001, 'kernel': 'rbf'}",0.6041666666666666,0.5833333333333334,0.5666666666666667,0.6041666666666666,0.5666666666666667,0.585,0.016791201399674893,162
0.037325143814086914,0.002090751684850118,0.007494974136352539,0.002055832332904339,1.0,2,0.001,poly,"{'C': 1, 'degree': 2, 'gamma': 0.001, 'kernel': 'poly'}",0.4,0.37916666666666665,0.29583333333333334,0.37083333333333335,0.37083333333333335,0.36333333333333334,0.0353946009693255,222
0.062221956253051755,0.009984636651194548,0.004719209671020508,0.002197818726846655,1.0,2,0.01,linear,"{'C': 1, 'degree': 2, 'gamma': 0.01, 'kernel': 'linear'}",0.6041666666666666,0.6125,0.5666666666666667,0.6416666666666667,0.6458333333333334,0.6141666666666667,0.028698625596204296,44
0.027681636810302734,0.0056838399896830425,0.013123273849487305,0.004424410424035508,1.0,2,0.01,rbf,"{'C': 1, 'degree': 2, 'gamma': 0.01, 'kernel': 'rbf'}",0.6375,0.6083333333333333,0.6,0.6375,0.6333333333333333,0.6233333333333333,0.015942605391424156,33
0.04333000183105469,0.010071293145799876,0.006793212890625,0.0020409366859534257,1.0,2,0.01,poly,"{'C': 1, 'degree': 2, 'gamma': 0.01, 'kernel': 'poly'}",0.4666666666666667,0.425,0.4708333333333333,0.45,0.4708333333333333,0.45666666666666667,0.0175989267349524,216
0.05021195411682129,0.007971540591797088,0.004716110229492187,0.0017233521569367657,1.0,2,0.1,linear,"{'C': 1, 'degree': 2, 'gamma': 0.1, 'kernel': 'linear'}",0.6041666666666666,0.6125,0.5666666666666667,0.6416666666666667,0.6458333333333334,0.6141666666666667,0.028698625596204296,44
0.04871797561645508,0.0073340842259523,0.013503456115722656,0.0031910440751159266,1.0,2,0.1,rbf,"{'C': 1, 'degree': 2, 'gamma': 0.1, 'kernel': 'rbf'}",0.6333333333333333,0.6791666666666667,0.5875,0.6458333333333334,0.6416666666666667,0.6375,0.029462782549439487,10
0.03317980766296387,0.006073042844542417,0.006574153900146484,0.0021042403839972527,1.0,2,0.1,poly,"{'C': 1, 'degree': 2, 'gamma': 0.1, 'kernel': 'poly'}",0.6416666666666667,0.5875,0.5083333333333333,0.5916666666666667,0.5458333333333333,0.575,0.04510789534241456,170
0.055609703063964844,0.007756131531325472,0.0065247535705566405,0.00260443484591683,1.0,2,1,linear,"{'C': 1, 'degree': 2, 'gamma': 1, 'kernel': 'linear'}",0.6041666666666666,0.6125,0.5666666666666667,0.6416666666666667,0.6458333333333334,0.6141666666666667,0.028698625596204296,44
0.05004286766052246,0.007877626440189488,0.01640152931213379,0.004356225865464338,1.0,2,1,rbf,"{'C': 1, 'degree': 2, 'gamma': 1, 'kernel': 'rbf'}",0.2708333333333333,0.2916666666666667,0.2916666666666667,0.2833333333333333,0.2875,0.28500000000000003,0.007728015412913099,252
0.04247794151306152,0.009265614845459699,0.008073043823242188,0.0008732952819707474,1.0,2,1,poly,"{'C': 1, 'degree': 2, 'gamma': 1, 'kernel': 'poly'}",0.5791666666666667,0.5833333333333334,0.49583333333333335,0.5708333333333333,0.5291666666666667,0.5516666666666667,0.03391164991562635,192
0.060125303268432614,0.008644684658061558,0.004840230941772461,0.0015895488477348616,1.0,3,scale,linear,"{'C': 1, 'degree': 3, 'gamma': 'scale', 'kernel': 'linear'}",0.6041666666666666,0.6125,0.5666666666666667,0.6416666666666667,0.6458333333333334,0.6141666666666667,0.028698625596204296,44
0.03131952285766602,0.0029103523023618094,0.012028169631958009,0.00227187733391604,1.0,3,scale,rbf,"{'C': 1, 'degree': 3, 'gamma': 'scale', 'kernel': 'rbf'}",0.6875,0.6375,0.6166666666666667,0.6458333333333334,0.6708333333333333,0.6516666666666666,0.02494438257849293,4
0.031731700897216795,0.002916834616630873,0.006250143051147461,0.0018059181366786897,1.0,3,scale,poly,"{'C': 1, 'degree': 3, 'gamma': 'scale', 'kernel': 'poly'}",0.65,0.6375,0.5833333333333334,0.65,0.6375,0.6316666666666666,0.024804793443562016,25
0.05027251243591309,0.006701007058305716,0.005661535263061524,0.0017954634043728954,1.0,3,auto,linear,"{'C': 1, 'degree': 3, 'gamma': 'auto', 'kernel': 'linear'}",0.6041666666666666,0.6125,0.5666666666666667,0.6416666666666667,0.6458333333333334,0.6141666666666667,0.028698625596204296,44
0.03239312171936035,0.004999690682252686,0.014681434631347657,0.004850707418143175,1.0,3,auto,rbf,"{'C': 1, 'degree': 3, 'gamma': 'auto', 'kernel': 'rbf'}",0.6875,0.6375,0.6166666666666667,0.65,0.6708333333333333,0.6525000000000001,0.02480479344356202,1
0.036539888381958006,0.007507054496223986,0.006338644027709961,0.0025839176194951126,1.0,3,auto,poly,"{'C': 1, 'degree': 3, 'gamma': 'auto', 'kernel': 'poly'}",0.65,0.6375,0.5791666666666667,0.65,0.6375,0.6308333333333334,0.02643125254525616,32
0.05813512802124023,0.011145573390425958,0.004823923110961914,0.0015640709815267593,1.0,3,0.001,linear,"{'C': 1, 'degree': 3, 'gamma': 0.001, 'kernel': 'linear'}",0.6041666666666666,0.6125,0.5666666666666667,0.6416666666666667,0.6458333333333334,0.6141666666666667,0.028698625596204296,44
0.03824663162231445,0.002942707971182072,0.01359257698059082,0.004150824633141281,1.0,3,0.001,rbf,"{'C': 1, 'degree': 3, 'gamma': 0.001, 'kernel': 'rbf'}",0.6041666666666666,0.5833333333333334,0.5666666666666667,0.6041666666666666,0.5666666666666667,0.585,0.016791201399674893,162
0.031565189361572266,0.006173103893925732,0.00620417594909668,0.0024769192579785306,1.0,3,0.001,poly,"{'C': 1, 'degree': 3, 'gamma': 0.001, 'kernel': 'poly'}",0.35,0.35,0.26666666666666666,0.25416666666666665,0.2833333333333333,0.3008333333333333,0.04119735698102758,237
0.05310735702514648,0.010393992914464906,0.004292488098144531,0.0019797207503835525,1.0,3,0.01,linear,"{'C': 1, 'degree': 3, 'gamma': 0.01, 'kernel': 'linear'}",0.6041666666666666,0.6125,0.5666666666666667,0.6416666666666667,0.6458333333333334,0.6141666666666667,0.028698625596204296,44
0.028146791458129882,0.0035425451269016817,0.014260625839233399,0.003214693637769595,1.0,3,0.01,rbf,"{'C': 1, 'degree': 3, 'gamma': 0.01, 'kernel': 'rbf'}",0.6375,0.6083333333333333,0.6,0.6375,0.6333333333333333,0.6233333333333333,0.015942605391424156,33
0.04607234001159668,0.009654206165832529,0.008123636245727539,0.00249973863419474,1.0,3,0.01,poly,"{'C': 1, 'degree': 3, 'gamma': 0.01, 'kernel': 'poly'}",0.35833333333333334,0.37916666666666665,0.3,0.29583333333333334,0.325,0.33166666666666667,0.03255337497437435,236
0.04886364936828613,0.01124966820879651,0.0043547630310058595,0.0018425641050762965,1.0,3,0.1,linear,"{'C': 1, 'degree': 3, 'gamma': 0.1, 'kernel': 'linear'}",0.6041666666666666,0.6125,0.5666666666666667,0.6416666666666667,0.6458333333333334,0.6141666666666667,0.028698625596204296,44
0.05153112411499024,0.00482141283247946,0.011084651947021485,0.0016375779270769975,1.0,3,0.1,rbf,"{'C': 1, 'degree': 3, 'gamma': 0.1, 'kernel': 'rbf'}",0.6333333333333333,0.6791666666666667,0.5875,0.6458333333333334,0.6416666666666667,0.6375,0.029462782549439487,10
0.040600156784057616,0.009855183898757806,0.0055716514587402345,0.002016326525405762,1.0,3,0.1,poly,"{'C': 1, 'degree': 3, 'gamma': 0.1, 'kernel': 'poly'}",0.6041666666666666,0.6208333333333333,0.5416666666666666,0.6,0.6083333333333333,0.595,0.027563059014235388,126
0.055981016159057616,0.008209821007343713,0.003774881362915039,0.0016992894279919144,1.0,3,1,linear,"{'C': 1, 'degree': 3, 'gamma': 1, 'kernel': 'linear'}",0.6041666666666666,0.6125,0.5666666666666667,0.6416666666666667,0.6458333333333334,0.6141666666666667,0.028698625596204296,44
0.04948692321777344,0.005090590847477307,0.014945650100708007,0.0033719832091973928,1.0,3,1,rbf,"{'C': 1, 'degree': 3, 'gamma': 1, 'kernel': 'rbf'}",0.2708333333333333,0.2916666666666667,0.2916666666666667,0.2833333333333333,0.2875,0.28500000000000003,0.007728015412913099,252
0.03162927627563476,0.007828231792817308,0.007699012756347656,0.0020490385627081947,1.0,3,1,poly,"{'C': 1, 'degree': 3, 'gamma': 1, 'kernel': 'poly'}",0.5958333333333333,0.6208333333333333,0.5375,0.6041666666666666,0.6125,0.5941666666666666,0.029533408577782264,150
0.057302093505859374,0.011612233500728913,0.003946447372436523,0.0016978547161331096,1.0,4,scale,linear,"{'C': 1, 'degree': 4, 'gamma': 'scale', 'kernel': 'linear'}",0.6041666666666666,0.6125,0.5666666666666667,0.6416666666666667,0.6458333333333334,0.6141666666666667,0.028698625596204296,44
0.02801041603088379,0.002700941351301398,0.01576066017150879,0.0038822184655500215,1.0,4,scale,rbf,"{'C': 1, 'degree': 4, 'gamma': 'scale', 'kernel': 'rbf'}",0.6875,0.6375,0.6166666666666667,0.6458333333333334,0.6708333333333333,0.6516666666666666,0.02494438257849293,4
0.0381110668182373,0.0016843987527960368,0.006136560440063476,0.0018050217342517538,1.0,4,scale,poly,"{'C': 1, 'degree': 4, 'gamma': 'scale', 'kernel': 'poly'}",0.5541666666666667,0.525,0.5541666666666667,0.5,0.525,0.5316666666666666,0.020514222708485297,209
0.0511289119720459,0.009168883283920517,0.005842685699462891,0.0025933743228975822,1.0,4,auto,linear,"{'C': 1, 'degree': 4, 'gamma': 'auto', 'kernel': 'linear'}",0.6041666666666666,0.6125,0.5666666666666667,0.6416666666666667,0.6458333333333334,0.6141666666666667,0.028698625596204296,44
0.029224491119384764,0.004218401534350055,0.016550207138061525,0.0037473151927298744,1.0,4,auto,rbf,"{'C': 1, 'degree': 4, 'gamma': 'auto', 'kernel': 'rbf'}",0.6875,0.6375,0.6166666666666667,0.65,0.6708333333333333,0.6525000000000001,0.02480479344356202,1
0.0402618408203125,0.011132642736777424,0.005688953399658203,0.001656873192460225,1.0,4,auto,poly,"{'C': 1, 'degree': 4, 'gamma': 'auto', 'kernel': 'poly'}",0.55,0.525,0.5541666666666667,0.5083333333333333,0.525,0.5325,0.01715938356831169,208
0.05478377342224121,0.007535346838188756,0.0043903827667236325,0.0009396400351693564,1.0,4,0.001,linear,"{'C': 1, 'degree': 4, 'gamma': 0.001, 'kernel': 'linear'}",0.6041666666666666,0.6125,0.5666666666666667,0.6416666666666667,0.6458333333333334,0.6141666666666667,0.028698625596204296,44
0.0398859977722168,0.004293116505722571,0.017124700546264648,0.0028237489988654826,1.0,4,0.001,rbf,"{'C': 1, 'degree': 4, 'gamma': 0.001, 'kernel': 'rbf'}",0.6041666666666666,0.5833333333333334,0.5666666666666667,0.6041666666666666,0.5666666666666667,0.585,0.016791201399674893,162
0.03643784523010254,0.009158130079137471,0.006523942947387696,0.0028952110806558947,1.0,4,0.001,poly,"{'C': 1, 'degree': 4, 'gamma': 0.001, 'kernel': 'poly'}",0.25833333333333336,0.25,0.23333333333333334,0.3125,0.22916666666666666,0.2566666666666667,0.029884035128401848,255
0.05277085304260254,0.005568505209344376,0.004598569869995117,0.0012271239998701675,1.0,4,0.01,linear,"{'C': 1, 'degree': 4, 'gamma': 0.01, 'kernel': 'linear'}",0.6041666666666666,0.6125,0.5666666666666667,0.6416666666666667,0.6458333333333334,0.6141666666666667,0.028698625596204296,44
0.03203206062316895,0.0069775876712819184,0.00941638946533203,0.0022427755466411952,1.0,4,0.01,rbf,"{'C': 1, 'degree': 4, 'gamma': 0.01, 'kernel': 'rbf'}",0.6375,0.6083333333333333,0.6,0.6375,0.6333333333333333,0.6233333333333333,0.015942605391424156,33
0.04127826690673828,0.006751949338278527,0.007155370712280273,0.003317760469204774,1.0,4,0.01,poly,"{'C': 1, 'degree': 4, 'gamma': 0.01, 'kernel': 'poly'}",0.25833333333333336,0.25,0.23333333333333334,0.3125,0.22916666666666666,0.2566666666666667,0.029884035128401848,255
0.054079294204711914,0.007314816559781239,0.00428919792175293,0.0012559064075402231,1.0,4,0.1,linear,"{'C': 1, 'degree': 4, 'gamma': 0.1, 'kernel': 'linear'}",0.6041666666666666,0.6125,0.5666666666666667,0.6416666666666667,0.6458333333333334,0.6141666666666667,0.028698625596204296,44
0.05156235694885254,0.007019000606240581,0.01255040168762207,0.002833356545115648,1.0,4,0.1,rbf,"{'C': 1, 'degree': 4, 'gamma': 0.1, 'kernel': 'rbf'}",0.6333333333333333,0.6791666666666667,0.5875,0.6458333333333334,0.6416666666666667,0.6375,0.029462782549439487,10
0.041130590438842776,0.00611385190595706,0.006431388854980469,0.0027239829457282607,1.0,4,0.1,poly,"{'C': 1, 'degree': 4, 'gamma': 0.1, 'kernel': 'poly'}",0.5833333333333334,0.6125,0.5375,0.5666666666666667,0.5833333333333334,0.5766666666666667,0.024523231615936964,166
0.05742115974426269,0.0049464080093867685,0.007263898849487305,0.0016949509712509319,1.0,4,1,linear,"{'C': 1, 'degree': 4, 'gamma': 1, 'kernel': 'linear'}",0.6041666666666666,0.6125,0.5666666666666667,0.6416666666666667,0.6458333333333334,0.6141666666666667,0.028698625596204296,44
0.05253891944885254,0.002521998605954985,0.013105630874633789,0.004118901696755668,1.0,4,1,rbf,"{'C': 1, 'degree': 4, 'gamma': 1, 'kernel': 'rbf'}",0.2708333333333333,0.2916666666666667,0.2916666666666667,0.2833333333333333,0.2875,0.28500000000000003,0.007728015412913099,252
0.04700284004211426,0.012052771136368488,0.005740070343017578,0.0022736284876385313,1.0,4,1,poly,"{'C': 1, 'degree': 4, 'gamma': 1, 'kernel': 'poly'}",0.5833333333333334,0.6041666666666666,0.5333333333333333,0.5666666666666667,0.5833333333333334,0.5741666666666666,0.02362907813126304,174
0.3920773983001709,0.0725454804685261,0.005195903778076172,0.001392245511300682,10.0,2,scale,linear,"{'C': 10, 'degree': 2, 'gamma': 'scale', 'kernel': 'linear'}",0.5916666666666667,0.6041666666666666,0.5666666666666667,0.6208333333333333,0.6375,0.6041666666666666,0.024295632895188747,82
0.03348040580749512,0.0031645074421950622,0.012968158721923828,0.002663171880639575,10.0,2,scale,rbf,"{'C': 10, 'degree': 2, 'gamma': 'scale', 'kernel': 'rbf'}",0.7083333333333334,0.6708333333333333,0.5416666666666666,0.6375,0.6291666666666667,0.6375,0.0554652043076458,10
0.03561468124389648,0.005449846767679033,0.006939744949340821,0.0018288532610885098,10.0,2,scale,poly,"{'C': 10, 'degree': 2, 'gamma': 'scale', 'kernel': 'poly'}",0.6333333333333333,0.5833333333333334,0.5125,0.5833333333333334,0.55,0.5725,0.04010403138505322,182
0.35451674461364746,0.05931405646680695,0.004639434814453125,0.001783706934285588,10.0,2,auto,linear,"{'C': 10, 'degree': 2, 'gamma': 'auto', 'kernel': 'linear'}",0.5916666666666667,0.6041666666666666,0.5666666666666667,0.6208333333333333,0.6375,0.6041666666666666,0.024295632895188747,82
0.03320293426513672,0.0071989889704587515,0.01025857925415039,0.0024362244861888347,10.0,2,auto,rbf,"{'C': 10, 'degree': 2, 'gamma': 'auto', 'kernel': 'rbf'}",0.7083333333333334,0.6708333333333333,0.5416666666666666,0.6375,0.6291666666666667,0.6375,0.0554652043076458,10
0.03389897346496582,0.007087833223265014,0.005340957641601562,0.0022118179790497345,10.0,2,auto,poly,"{'C': 10, 'degree': 2, 'gamma': 'auto', 'kernel': 'poly'}",0.6333333333333333,0.5833333333333334,0.5125,0.5875,0.55,0.5733333333333335,0.04036293679437445,181
0.41889281272888185,0.10542981701812705,0.003992605209350586,0.0014240197974910514,10.0,2,0.001,linear,"{'C': 10, 'degree': 2, 'gamma': 0.001, 'kernel': 'linear'}",0.5916666666666667,0.6041666666666666,0.5666666666666667,0.6208333333333333,0.6375,0.6041666666666666,0.024295632895188747,82
0.027984762191772462,0.004714604148507575,0.010324668884277344,0.0015673167030441997,10.0,2,0.001,rbf,"{'C': 10, 'degree': 2, 'gamma': 0.001, 'kernel': 'rbf'}",0.5958333333333333,0.6041666666666666,0.5916666666666667,0.6208333333333333,0.6,0.6024999999999999,0.010069204977995481,100
0.03933196067810059,0.0018020411095595198,0.007109594345092773,0.0024743484349311544,10.0,2,0.001,poly,"{'C': 10, 'degree': 2, 'gamma': 0.001, 'kernel': 'poly'}",0.4,0.37916666666666665,0.29583333333333334,0.37083333333333335,0.37083333333333335,0.36333333333333334,0.0353946009693255,222
0.44504551887512206,0.09493766174427613,0.005147743225097656,0.0019066882802345473,10.0,2,0.01,linear,"{'C': 10, 'degree': 2, 'gamma': 0.01, 'kernel': 'linear'}",0.5916666666666667,0.6041666666666666,0.5666666666666667,0.6208333333333333,0.6375,0.6041666666666666,0.024295632895188747,82
0.025421571731567384,0.005954913567060865,0.01172494888305664,0.003854518180917527,10.0,2,0.01,rbf,"{'C': 10, 'degree': 2, 'gamma': 0.01, 'kernel': 'rbf'}",0.6583333333333333,0.6291666666666667,0.6333333333333333,0.65,0.675,0.6491666666666667,0.016749792701868174,7
0.03604359626770019,0.005087369029324792,0.006408786773681641,0.001873188551088641,10.0,2,0.01,poly,"{'C': 10, 'degree': 2, 'gamma': 0.01, 'kernel': 'poly'}",0.6375,0.6,0.5708333333333333,0.6083333333333333,0.5791666666666667,0.5991666666666666,0.023481671339342265,103
0.41211624145507814,0.08174304229324049,0.005029535293579102,0.0026288535165020746,10.0,2,0.1,linear,"{'C': 10, 'degree': 2, 'gamma': 0.1, 'kernel': 'linear'}",0.5916666666666667,0.6041666666666666,0.5666666666666667,0.6208333333333333,0.6375,0.6041666666666666,0.024295632895188747,82
0.046199607849121097,0.0017290714443430335,0.016224050521850587,0.004384339827332152,10.0,2,0.1,rbf,"{'C': 10, 'degree': 2, 'gamma': 0.1, 'kernel': 'rbf'}",0.6375,0.6541666666666667,0.6125,0.6333333333333333,0.6208333333333333,0.6316666666666666,0.014337208778404362,25
0.03933215141296387,0.0069397558500727385,0.003862762451171875,0.0006210407694732433,10.0,2,0.1,poly,"{'C': 10, 'degree': 2, 'gamma': 0.1, 'kernel': 'poly'}",0.5791666666666667,0.575,0.5041666666666667,0.5708333333333333,0.5291666666666667,0.5516666666666667,0.02976761849915292,192
0.3675668239593506,0.021522218910695595,0.003009796142578125,0.00016297977381933643,10.0,2,1,linear,"{'C': 10, 'degree': 2, 'gamma': 1, 'kernel': 'linear'}",0.5916666666666667,0.6041666666666666,0.5666666666666667,0.6208333333333333,0.6375,0.6041666666666666,0.024295632895188747,82
0.05486717224121094,0.010072626491843154,0.015734529495239256,0.004260794425993232,10.0,2,1,rbf,"{'C': 10, 'degree': 2, 'gamma': 1, 'kernel': 'rbf'}",0.275,0.3,0.3125,0.2916666666666667,0.29583333333333334,0.29500000000000004,0.012190615698606485,246
0.0409207820892334,0.0047356649745015035,0.007149028778076172,0.0034906689790178518,10.0,2,1,poly,"{'C': 10, 'degree': 2, 'gamma': 1, 'kernel': 'poly'}",0.5791666666666667,0.5833333333333334,0.49583333333333335,0.5708333333333333,0.5291666666666667,0.5516666666666667,0.03391164991562635,192
0.4431631565093994,0.09341097383850083,0.005217742919921875,0.0018249536076401082,10.0,3,scale,linear,"{'C': 10, 'degree': 3, 'gamma': 'scale', 'kernel': 'linear'}",0.5916666666666667,0.6041666666666666,0.5666666666666667,0.6208333333333333,0.6375,0.6041666666666666,0.024295632895188747,82
0.039231061935424805,0.009397966337064826,0.01271209716796875,0.004849257652583363,10.0,3,scale,rbf,"{'C': 10, 'degree': 3, 'gamma': 'scale', 'kernel': 'rbf'}",0.7083333333333334,0.6708333333333333,0.5416666666666666,0.6375,0.6291666666666667,0.6375,0.0554652043076458,10
0.0363771915435791,0.003303234400337573,0.005219793319702149,0.0018725442048459363,10.0,3,scale,poly,"{'C': 10, 'degree': 3, 'gamma': 'scale', 'kernel': 'poly'}",0.625,0.6458333333333334,0.5416666666666666,0.6041666666666666,0.6125,0.6058333333333333,0.035019835649084514,80
0.42703633308410643,0.05587663126174829,0.005136680603027344,0.0019199709611698475,10.0,3,auto,linear,"{'C': 10, 'degree': 3, 'gamma': 'auto', 'kernel': 'linear'}",0.5916666666666667,0.6041666666666666,0.5666666666666667,0.6208333333333333,0.6375,0.6041666666666666,0.024295632895188747,82
0.042482757568359376,0.005862232925097105,0.014485454559326172,0.003169926779615173,10.0,3,auto,rbf,"{'C': 10, 'degree': 3, 'gamma': 'auto', 'kernel': 'rbf'}",0.7083333333333334,0.6708333333333333,0.5416666666666666,0.6375,0.6291666666666667,0.6375,0.0554652043076458,10
0.03862767219543457,0.005987050888764318,0.006870079040527344,0.002807913888765448,10.0,3,auto,poly,"{'C': 10, 'degree': 3, 'gamma': 'auto', 'kernel': 'poly'}",0.625,0.6458333333333334,0.5416666666666666,0.6,0.6125,0.6050000000000001,0.0350990661477545,81
0.4841450691223145,0.06907337814879645,0.005224370956420898,0.001627624298166159,10.0,3,0.001,linear,"{'C': 10, 'degree': 3, 'gamma': 0.001, 'kernel': 'linear'}",0.5916666666666667,0.6041666666666666,0.5666666666666667,0.6208333333333333,0.6375,0.6041666666666666,0.024295632895188747,82
0.03100719451904297,0.005267194089880724,0.011215686798095703,0.001962248597206439,10.0,3,0.001,rbf,"{'C': 10, 'degree': 3, 'gamma': 0.001, 'kernel': 'rbf'}",0.5958333333333333,0.6041666666666666,0.5916666666666667,0.6208333333333333,0.6,0.6024999999999999,0.010069204977995481,100
0.051820993423461914,0.013743628110127736,0.009808969497680665,0.0026310209615332232,10.0,3,0.001,poly,"{'C': 10, 'degree': 3, 'gamma': 0.001, 'kernel': 'poly'}",0.35,0.35,0.26666666666666666,0.25416666666666665,0.2833333333333333,0.3008333333333333,0.04119735698102758,237
0.4386287689208984,0.06881128581344144,0.006264972686767578,0.001216147978169658,10.0,3,0.01,linear,"{'C': 10, 'degree': 3, 'gamma': 0.01, 'kernel': 'linear'}",0.5916666666666667,0.6041666666666666,0.5666666666666667,0.6208333333333333,0.6375,0.6041666666666666,0.024295632895188747,82
0.03147745132446289,0.006847824478171504,0.013202190399169922,0.003140189399424102,10.0,3,0.01,rbf,"{'C': 10, 'degree': 3, 'gamma': 0.01, 'kernel': 'rbf'}",0.6583333333333333,0.6291666666666667,0.6333333333333333,0.65,0.675,0.6491666666666667,0.016749792701868174,7
0.0413670539855957,0.010607880878385791,0.006828022003173828,0.001899366247845074,10.0,3,0.01,poly,"{'C': 10, 'degree': 3, 'gamma': 0.01, 'kernel': 'poly'}",0.55,0.55,0.49166666666666664,0.5875,0.5083333333333333,0.5375,0.033952581312438966,206
0.43276500701904297,0.0827282359747481,0.004993009567260742,0.0020783907915283583,10.0,3,0.1,linear,"{'C': 10, 'degree': 3, 'gamma': 0.1, 'kernel': 'linear'}",0.5916666666666667,0.6041666666666666,0.5666666666666667,0.6208333333333333,0.6375,0.6041666666666666,0.024295632895188747,82
0.05184011459350586,0.008197302716499884,0.01322641372680664,0.0029136870794036545,10.0,3,0.1,rbf,"{'C': 10, 'degree': 3, 'gamma': 0.1, 'kernel': 'rbf'}",0.6375,0.6541666666666667,0.6125,0.6333333333333333,0.6208333333333333,0.6316666666666666,0.014337208778404362,25
0.03877434730529785,0.014490415763700425,0.006029558181762695,0.0022496905220089776,10.0,3,0.1,poly,"{'C': 10, 'degree': 3, 'gamma': 0.1, 'kernel': 'poly'}",0.5958333333333333,0.6208333333333333,0.5375,0.6041666666666666,0.6125,0.5941666666666666,0.029533408577782264,150
0.3826357364654541,0.062055561807708215,0.0037147045135498048,0.0009142504867892246,10.0,3,1,linear,"{'C': 10, 'degree': 3, 'gamma': 1, 'kernel': 'linear'}",0.5916666666666667,0.6041666666666666,0.5666666666666667,0.6208333333333333,0.6375,0.6041666666666666,0.024295632895188747,82
0.060644912719726565,0.018351377396026963,0.015763521194458008,0.0014919507367678032,10.0,3,1,rbf,"{'C': 10, 'degree': 3, 'gamma': 1, 'kernel': 'rbf'}",0.275,0.3,0.3125,0.2916666666666667,0.29583333333333334,0.29500000000000004,0.012190615698606485,246
0.04330353736877442,0.006998812458045986,0.007175970077514649,0.0020117301702880504,10.0,3,1,poly,"{'C': 10, 'degree': 3, 'gamma': 1, 'kernel': 'poly'}",0.5958333333333333,0.6208333333333333,0.5375,0.6041666666666666,0.6125,0.5941666666666666,0.029533408577782264,150
0.4048030376434326,0.0577034258370587,0.004168128967285157,0.001596492689305649,10.0,4,scale,linear,"{'C': 10, 'degree': 4, 'gamma': 'scale', 'kernel': 'linear'}",0.5916666666666667,0.6041666666666666,0.5666666666666667,0.6208333333333333,0.6375,0.6041666666666666,0.024295632895188747,82
0.0412785530090332,0.008798152041135942,0.01413898468017578,0.0011853388513390478,10.0,4,scale,rbf,"{'C': 10, 'degree': 4, 'gamma': 'scale', 'kernel': 'rbf'}",0.7083333333333334,0.6708333333333333,0.5416666666666666,0.6375,0.6291666666666667,0.6375,0.0554652043076458,10
0.046452808380126956,0.003968830023922349,0.006031513214111328,0.002524312162296802,10.0,4,scale,poly,"{'C': 10, 'degree': 4, 'gamma': 'scale', 'kernel': 'poly'}",0.6,0.5833333333333334,0.5208333333333334,0.5875,0.5875,0.5758333333333333,0.028062430400804545,169
0.38326263427734375,0.04512458744826329,0.0047871112823486325,0.0022811129656622156,10.0,4,auto,linear,"{'C': 10, 'degree': 4, 'gamma': 'auto', 'kernel': 'linear'}",0.5916666666666667,0.6041666666666666,0.5666666666666667,0.6208333333333333,0.6375,0.6041666666666666,0.024295632895188747,82
0.04151611328125,0.014335022958772828,0.01652498245239258,0.0053819180665038175,10.0,4,auto,rbf,"{'C': 10, 'degree': 4, 'gamma': 'auto', 'kernel': 'rbf'}",0.7083333333333334,0.6708333333333333,0.5416666666666666,0.6375,0.6291666666666667,0.6375,0.0554652043076458,10
0.042610454559326175,0.008894133437655027,0.008263397216796874,0.00280645477939365,10.0,4,auto,poly,"{'C': 10, 'degree': 4, 'gamma': 'auto', 'kernel': 'poly'}",0.6,0.5875,0.5166666666666667,0.5833333333333334,0.5875,0.575,0.02969754946867575,170
0.39537577629089354,0.04581277162676765,0.00472416877746582,0.0011272613730448893,10.0,4,0.001,linear,"{'C': 10, 'degree': 4, 'gamma': 0.001, 'kernel': 'linear'}",0.5916666666666667,0.6041666666666666,0.5666666666666667,0.6208333333333333,0.6375,0.6041666666666666,0.024295632895188747,82
0.02959418296813965,0.003636064850075158,0.012667036056518555,0.0035442171196674527,10.0,4,0.001,rbf,"{'C': 10, 'degree': 4, 'gamma': 0.001, 'kernel': 'rbf'}",0.5958333333333333,0.6041666666666666,0.5916666666666667,0.6208333333333333,0.6,0.6024999999999999,0.010069204977995481,100
0.03922271728515625,0.005335013406729758,0.00924525260925293,0.0031178562047326107,10.0,4,0.001,poly,"{'C': 10, 'degree': 4, 'gamma': 0.001, 'kernel': 'poly'}",0.25833333333333336,0.25,0.23333333333333334,0.3125,0.22916666666666666,0.2566666666666667,0.029884035128401848,255
0.3857585430145264,0.04840746111160822,0.005307197570800781,0.0019435949543041102,10.0,4,0.01,linear,"{'C': 10, 'degree': 4, 'gamma': 0.01, 'kernel': 'linear'}",0.5916666666666667,0.6041666666666666,0.5666666666666667,0.6208333333333333,0.6375,0.6041666666666666,0.024295632895188747,82
0.03475184440612793,0.009489007623090068,0.011727142333984374,0.0031889421713073743,10.0,4,0.01,rbf,"{'C': 10, 'degree': 4, 'gamma': 0.01, 'kernel': 'rbf'}",0.6583333333333333,0.6291666666666667,0.6333333333333333,0.65,0.675,0.6491666666666667,0.016749792701868174,7
0.04173245429992676,0.0031556462601422574,0.006220388412475586,0.0028157014724819324,10.0,4,0.01,poly,"{'C': 10, 'degree': 4, 'gamma': 0.01, 'kernel': 'poly'}",0.3875,0.4,0.32083333333333336,0.42083333333333334,0.43333333333333335,0.3925,0.0392109678533953,221
0.3996023654937744,0.06500507373881376,0.004509544372558594,0.0019048631543286674,10.0,4,0.1,linear,"{'C': 10, 'degree': 4, 'gamma': 0.1, 'kernel': 'linear'}",0.5916666666666667,0.6041666666666666,0.5666666666666667,0.6208333333333333,0.6375,0.6041666666666666,0.024295632895188747,82
0.051267147064208984,0.007095260161451295,0.01156148910522461,0.0016587026751063059,10.0,4,0.1,rbf,"{'C': 10, 'degree': 4, 'gamma': 0.1, 'kernel': 'rbf'}",0.6375,0.6541666666666667,0.6125,0.6333333333333333,0.6208333333333333,0.6316666666666666,0.014337208778404362,25
0.04565229415893555,0.007455151606241778,0.005729007720947266,0.002297429210895483,10.0,4,0.1,poly,"{'C': 10, 'degree': 4, 'gamma': 0.1, 'kernel': 'poly'}",0.5833333333333334,0.6041666666666666,0.5333333333333333,0.5666666666666667,0.5833333333333334,0.5741666666666666,0.02362907813126304,174
0.3947625637054443,0.05088967229725017,0.005630207061767578,0.001765337994189967,10.0,4,1,linear,"{'C': 10, 'degree': 4, 'gamma': 1, 'kernel': 'linear'}",0.5916666666666667,0.6041666666666666,0.5666666666666667,0.6208333333333333,0.6375,0.6041666666666666,0.024295632895188747,82
0.054972076416015626,0.007222363140744401,0.01276092529296875,0.0015457447795637711,10.0,4,1,rbf,"{'C': 10, 'degree': 4, 'gamma': 1, 'kernel': 'rbf'}",0.275,0.3,0.3125,0.2916666666666667,0.29583333333333334,0.29500000000000004,0.012190615698606485,246
0.04723887443542481,0.003950958049449718,0.006221103668212891,0.0014364063509138152,10.0,4,1,poly,"{'C': 10, 'degree': 4, 'gamma': 1, 'kernel': 'poly'}",0.5833333333333334,0.6041666666666666,0.5333333333333333,0.5666666666666667,0.5833333333333334,0.5741666666666666,0.02362907813126304,174
4.231953430175781,0.9328371813473363,0.006474590301513672,0.002117078440300465,100.0,2,scale,linear,"{'C': 100, 'degree': 2, 'gamma': 'scale', 'kernel': 'linear'}",0.5833333333333334,0.6041666666666666,0.5541666666666667,0.6208333333333333,0.6333333333333333,0.5991666666666666,0.02806243040080454,103
0.0538482666015625,0.013092607080786509,0.015350103378295898,0.0059185507888736095,100.0,2,scale,rbf,"{'C': 100, 'degree': 2, 'gamma': 'scale', 'kernel': 'rbf'}",0.6791666666666667,0.6458333333333334,0.5833333333333334,0.6291666666666667,0.6208333333333333,0.6316666666666668,0.0313581462037113,19
0.04118733406066895,0.004609374220767072,0.0059813976287841795,0.0013740528695516837,100.0,2,scale,poly,"{'C': 100, 'degree': 2, 'gamma': 'scale', 'kernel': 'poly'}",0.5791666666666667,0.575,0.5041666666666667,0.5708333333333333,0.5291666666666667,0.5516666666666667,0.02976761849915292,192
4.251153802871704,0.965732303959328,0.007882165908813476,0.002917931933547823,100.0,2,auto,linear,"{'C': 100, 'degree': 2, 'gamma': 'auto', 'kernel': 'linear'}",0.5833333333333334,0.6041666666666666,0.5541666666666667,0.6208333333333333,0.6333333333333333,0.5991666666666666,0.02806243040080454,103
0.04176616668701172,0.007573024989608989,0.013811206817626953,0.0016619096686999583,100.0,2,auto,rbf,"{'C': 100, 'degree': 2, 'gamma': 'auto', 'kernel': 'rbf'}",0.6791666666666667,0.6458333333333334,0.5833333333333334,0.6291666666666667,0.6208333333333333,0.6316666666666668,0.0313581462037113,19
0.04377756118774414,0.006493135275843979,0.0053386688232421875,0.0012704088024035854,100.0,2,auto,poly,"{'C': 100, 'degree': 2, 'gamma': 'auto', 'kernel': 'poly'}",0.5791666666666667,0.575,0.5041666666666667,0.5708333333333333,0.5291666666666667,0.5516666666666667,0.02976761849915292,192
4.289104032516479,1.0338617732834245,0.006143093109130859,0.001700768354929506,100.0,2,0.001,linear,"{'C': 100, 'degree': 2, 'gamma': 0.001, 'kernel': 'linear'}",0.5833333333333334,0.6041666666666666,0.5541666666666667,0.6208333333333333,0.6333333333333333,0.5991666666666666,0.02806243040080454,103
0.038820743560791016,0.005664462248882966,0.009276962280273438,0.0019209963251370441,100.0,2,0.001,rbf,"{'C': 100, 'degree': 2, 'gamma': 0.001, 'kernel': 'rbf'}",0.6083333333333333,0.6125,0.5625,0.6458333333333334,0.6541666666666667,0.6166666666666667,0.03248931448269656,38
0.04010367393493652,0.005248877475564479,0.005678939819335938,0.002343586760631532,100.0,2,0.001,poly,"{'C': 100, 'degree': 2, 'gamma': 0.001, 'kernel': 'poly'}",0.4666666666666667,0.425,0.4708333333333333,0.45,0.4708333333333333,0.45666666666666667,0.0175989267349524,216
4.180879306793213,0.9498525063303143,0.004392433166503906,0.0015259628600628303,100.0,2,0.01,linear,"{'C': 100, 'degree': 2, 'gamma': 0.01, 'kernel': 'linear'}",0.5833333333333334,0.6041666666666666,0.5541666666666667,0.6208333333333333,0.6333333333333333,0.5991666666666666,0.02806243040080454,103
0.06127157211303711,0.028408127041612913,0.016276454925537108,0.006343865015702777,100.0,2,0.01,rbf,"{'C': 100, 'degree': 2, 'gamma': 0.01, 'kernel': 'rbf'}",0.65,0.6083333333333333,0.5416666666666666,0.6416666666666667,0.6375,0.6158333333333333,0.03965125751123442,41
0.035706186294555665,0.004098015116019799,0.007635307312011719,0.0008489992255833506,100.0,2,0.01,poly,"{'C': 100, 'degree': 2, 'gamma': 0.01, 'kernel': 'poly'}",0.6416666666666667,0.5875,0.5083333333333333,0.5916666666666667,0.5458333333333333,0.575,0.04510789534241456,170
4.101925945281982,0.923625175622873,0.007712411880493164,0.001524313760264577,100.0,2,0.1,linear,"{'C': 100, 'degree': 2, 'gamma': 0.1, 'kernel': 'linear'}",0.5833333333333334,0.6041666666666666,0.5541666666666667,0.6208333333333333,0.6333333333333333,0.5991666666666666,0.02806243040080454,103
0.052263069152832034,0.007550711048185754,0.01607365608215332,0.0050867985440004706,100.0,2,0.1,rbf,"{'C': 100, 'degree': 2, 'gamma': 0.1, 'kernel': 'rbf'}",0.6375,0.6541666666666667,0.6125,0.6333333333333333,0.6208333333333333,0.6316666666666666,0.014337208778404362,25
0.03714213371276855,0.007190216055779412,0.004362916946411133,0.0013955919504234564,100.0,2,0.1,poly,"{'C': 100, 'degree': 2, 'gamma': 0.1, 'kernel': 'poly'}",0.5791666666666667,0.5833333333333334,0.49583333333333335,0.5708333333333333,0.5291666666666667,0.5516666666666667,0.03391164991562635,192
4.003019094467163,0.9180937423352017,0.003887939453125,0.0016163530442121214,100.0,2,1,linear,"{'C': 100, 'degree': 2, 'gamma': 1, 'kernel': 'linear'}",0.5833333333333334,0.6041666666666666,0.5541666666666667,0.6208333333333333,0.6333333333333333,0.5991666666666666,0.02806243040080454,103
0.05482945442199707,0.009796781444114808,0.016378021240234374,0.0031354321574689095,100.0,2,1,rbf,"{'C': 100, 'degree': 2, 'gamma': 1, 'kernel': 'rbf'}",0.275,0.3,0.3125,0.2916666666666667,0.29583333333333334,0.29500000000000004,0.012190615698606485,246
0.03992819786071777,0.008975217602855443,0.0076539039611816405,0.0016022385742694672,100.0,2,1,poly,"{'C': 100, 'degree': 2, 'gamma': 1, 'kernel': 'poly'}",0.5791666666666667,0.5833333333333334,0.49583333333333335,0.5708333333333333,0.5291666666666667,0.5516666666666667,0.03391164991562635,192
4.004121494293213,0.9110795512808985,0.005427217483520508,0.0019783038650283986,100.0,3,scale,linear,"{'C': 100, 'degree': 3, 'gamma': 'scale', 'kernel': 'linear'}",0.5833333333333334,0.6041666666666666,0.5541666666666667,0.6208333333333333,0.6333333333333333,0.5991666666666666,0.02806243040080454,103
0.03789019584655762,0.005500436613281208,0.01008601188659668,0.0027442663890123167,100.0,3,scale,rbf,"{'C': 100, 'degree': 3, 'gamma': 'scale', 'kernel': 'rbf'}",0.6791666666666667,0.6458333333333334,0.5833333333333334,0.6291666666666667,0.6208333333333333,0.6316666666666668,0.0313581462037113,19
0.04351873397827148,0.008949576692410123,0.006959056854248047,0.002292105601969772,100.0,3,scale,poly,"{'C': 100, 'degree': 3, 'gamma': 'scale', 'kernel': 'poly'}",0.5958333333333333,0.6166666666666667,0.5375,0.6041666666666666,0.6125,0.5933333333333334,0.028819360776317655,157
3.981260299682617,0.9199464752362712,0.0051021575927734375,0.0014977130792258018,100.0,3,auto,linear,"{'C': 100, 'degree': 3, 'gamma': 'auto', 'kernel': 'linear'}",0.5833333333333334,0.6041666666666666,0.5541666666666667,0.6208333333333333,0.6333333333333333,0.5991666666666666,0.02806243040080454,103
0.04877877235412598,0.016471237270513608,0.011183357238769532,0.0021082184425938308,100.0,3,auto,rbf,"{'C': 100, 'degree': 3, 'gamma': 'auto', 'kernel': 'rbf'}",0.6791666666666667,0.6458333333333334,0.5833333333333334,0.6291666666666667,0.6208333333333333,0.6316666666666668,0.0313581462037113,19
0.03562769889831543,0.0036392217493406705,0.004509925842285156,0.0014925989523635833,100.0,3,auto,poly,"{'C': 100, 'degree': 3, 'gamma': 'auto', 'kernel': 'poly'}",0.5958333333333333,0.6166666666666667,0.5375,0.6041666666666666,0.6125,0.5933333333333334,0.028819360776317655,157
4.055871200561524,0.9548474164025086,0.003483104705810547,0.0005122668137484474,100.0,3,0.001,linear,"{'C': 100, 'degree': 3, 'gamma': 0.001, 'kernel': 'linear'}",0.5833333333333334,0.6041666666666666,0.5541666666666667,0.6208333333333333,0.6333333333333333,0.5991666666666666,0.02806243040080454,103
0.02994074821472168,0.00471834491038994,0.011187887191772461,0.0022391465205403435,100.0,3,0.001,rbf,"{'C': 100, 'degree': 3, 'gamma': 0.001, 'kernel': 'rbf'}",0.6083333333333333,0.6125,0.5625,0.6458333333333334,0.6541666666666667,0.6166666666666667,0.03248931448269656,38
0.05053253173828125,0.008404656332182533,0.0075322151184082035,0.0025350783202394323,100.0,3,0.001,poly,"{'C': 100, 'degree': 3, 'gamma': 0.001, 'kernel': 'poly'}",0.35,0.35,0.26666666666666666,0.25416666666666665,0.2833333333333333,0.3008333333333333,0.04119735698102758,237
4.022998189926147,0.9586195945887823,0.004153919219970703,0.0010054083200622544,100.0,3,0.01,linear,"{'C': 100, 'degree': 3, 'gamma': 0.01, 'kernel': 'linear'}",0.5833333333333334,0.6041666666666666,0.5541666666666667,0.6208333333333333,0.6333333333333333,0.5991666666666666,0.02806243040080454,103
0.03982110023498535,0.00693235530666436,0.010977602005004883,0.0029609873072431554,100.0,3,0.01,rbf,"{'C': 100, 'degree': 3, 'gamma': 0.01, 'kernel': 'rbf'}",0.65,0.6083333333333333,0.5416666666666666,0.6416666666666667,0.6375,0.6158333333333333,0.03965125751123442,41
0.0386690616607666,0.006559291184924528,0.005738401412963867,0.0016051455901984184,100.0,3,0.01,poly,"{'C': 100, 'degree': 3, 'gamma': 0.01, 'kernel': 'poly'}",0.6666666666666666,0.6625,0.5416666666666666,0.625,0.6208333333333333,0.6233333333333333,0.04492277323981185,33
4.0217859745025635,0.9234666961730071,0.004831647872924805,0.0026589476400654013,100.0,3,0.1,linear,"{'C': 100, 'degree': 3, 'gamma': 0.1, 'kernel': 'linear'}",0.5833333333333334,0.6041666666666666,0.5541666666666667,0.6208333333333333,0.6333333333333333,0.5991666666666666,0.02806243040080454,103
0.05113263130187988,0.013022751968480833,0.013750123977661132,0.0037861641742669766,100.0,3,0.1,rbf,"{'C': 100, 'degree': 3, 'gamma': 0.1, 'kernel': 'rbf'}",0.6375,0.6541666666666667,0.6125,0.6333333333333333,0.6208333333333333,0.6316666666666666,0.014337208778404362,25
0.03826141357421875,0.003638115541601253,0.005394172668457031,0.0019595450062771156,100.0,3,0.1,poly,"{'C': 100, 'degree': 3, 'gamma': 0.1, 'kernel': 'poly'}",0.5958333333333333,0.6208333333333333,0.5375,0.6041666666666666,0.6125,0.5941666666666666,0.029533408577782264,150
3.957594394683838,0.9344376929045508,0.0042418956756591795,0.001644505386499746,100.0,3,1,linear,"{'C': 100, 'degree': 3, 'gamma': 1, 'kernel': 'linear'}",0.5833333333333334,0.6041666666666666,0.5541666666666667,0.6208333333333333,0.6333333333333333,0.5991666666666666,0.02806243040080454,103
0.05159087181091308,0.0033679718547218263,0.01314849853515625,0.0019793656577699074,100.0,3,1,rbf,"{'C': 100, 'degree': 3, 'gamma': 1, 'kernel': 'rbf'}",0.275,0.3,0.3125,0.2916666666666667,0.29583333333333334,0.29500000000000004,0.012190615698606485,246
0.04145030975341797,0.0071441489918114874,0.0066223621368408205,0.0025081710733725793,100.0,3,1,poly,"{'C': 100, 'degree': 3, 'gamma': 1, 'kernel': 'poly'}",0.5958333333333333,0.6208333333333333,0.5375,0.6041666666666666,0.6125,0.5941666666666666,0.029533408577782264,150
4.012202167510987,0.9984041081936368,0.004305410385131836,0.001016166146065558,100.0,4,scale,linear,"{'C': 100, 'degree': 4, 'gamma': 'scale', 'kernel': 'linear'}",0.5833333333333334,0.6041666666666666,0.5541666666666667,0.6208333333333333,0.6333333333333333,0.5991666666666666,0.02806243040080454,103
0.040372800827026364,0.008185607261233891,0.013673782348632812,0.005373819746370621,100.0,4,scale,rbf,"{'C': 100, 'degree': 4, 'gamma': 'scale', 'kernel': 'rbf'}",0.6791666666666667,0.6458333333333334,0.5833333333333334,0.6291666666666667,0.6208333333333333,0.6316666666666668,0.0313581462037113,19
0.04555630683898926,0.007655188684330363,0.00755462646484375,0.0029922242007999794,100.0,4,scale,poly,"{'C': 100, 'degree': 4, 'gamma': 'scale', 'kernel': 'poly'}",0.5833333333333334,0.6125,0.5333333333333333,0.5666666666666667,0.5833333333333334,0.5758333333333334,0.025873624493766727,167
4.007116031646729,0.8881621340444791,0.004718160629272461,0.0020041408329985093,100.0,4,auto,linear,"{'C': 100, 'degree': 4, 'gamma': 'auto', 'kernel': 'linear'}",0.5833333333333334,0.6041666666666666,0.5541666666666667,0.6208333333333333,0.6333333333333333,0.5991666666666666,0.02806243040080454,103
0.03963570594787598,0.012241390713734032,0.01066884994506836,0.0028298089577737514,100.0,4,auto,rbf,"{'C': 100, 'degree': 4, 'gamma': 'auto', 'kernel': 'rbf'}",0.6791666666666667,0.6458333333333334,0.5833333333333334,0.6291666666666667,0.6208333333333333,0.6316666666666668,0.0313581462037113,19
0.04858541488647461,0.010169888155991935,0.007108831405639648,0.002765592589155715,100.0,4,auto,poly,"{'C': 100, 'degree': 4, 'gamma': 'auto', 'kernel': 'poly'}",0.5833333333333334,0.6125,0.5333333333333333,0.5666666666666667,0.5833333333333334,0.5758333333333334,0.025873624493766727,167
3.9885857582092283,0.9148528214682864,0.00474853515625,0.002000075344281489,100.0,4,0.001,linear,"{'C': 100, 'degree': 4, 'gamma': 0.001, 'kernel': 'linear'}",0.5833333333333334,0.6041666666666666,0.5541666666666667,0.6208333333333333,0.6333333333333333,0.5991666666666666,0.02806243040080454,103
0.034830760955810544,0.00528482958052963,0.00909724235534668,0.0015769512983289128,100.0,4,0.001,rbf,"{'C': 100, 'degree': 4, 'gamma': 0.001, 'kernel': 'rbf'}",0.6083333333333333,0.6125,0.5625,0.6458333333333334,0.6541666666666667,0.6166666666666667,0.03248931448269656,38
0.044540023803710936,0.007188693339907922,0.006049346923828125,0.0019348485550955005,100.0,4,0.001,poly,"{'C': 100, 'degree': 4, 'gamma': 0.001, 'kernel': 'poly'}",0.25833333333333336,0.25,0.23333333333333334,0.3125,0.22916666666666666,0.2566666666666667,0.029884035128401848,255
3.930430698394775,0.8977008282611959,0.005251836776733398,0.0018474429494445804,100.0,4,0.01,linear,"{'C': 100, 'degree': 4, 'gamma': 0.01, 'kernel': 'linear'}",0.5833333333333334,0.6041666666666666,0.5541666666666667,0.6208333333333333,0.6333333333333333,0.5991666666666666,0.02806243040080454,103
0.037940263748168945,0.004800009719839709,0.011518096923828125,0.0031829753270840103,100.0,4,0.01,rbf,"{'C': 100, 'degree': 4, 'gamma': 0.01, 'kernel': 'rbf'}",0.65,0.6083333333333333,0.5416666666666666,0.6416666666666667,0.6375,0.6158333333333333,0.03965125751123442,41
0.04009747505187988,0.004296883550167721,0.0064103126525878905,0.002229994363824179,100.0,4,0.01,poly,"{'C': 100, 'degree': 4, 'gamma': 0.01, 'kernel': 'poly'}",0.5375,0.5125,0.5416666666666666,0.5041666666666667,0.5083333333333333,0.5208333333333333,0.015590239111558088,210
3.824339818954468,0.7634835680992944,0.003373241424560547,0.0006387247101220486,100.0,4,0.1,linear,"{'C': 100, 'degree': 4, 'gamma': 0.1, 'kernel': 'linear'}",0.5833333333333334,0.6041666666666666,0.5541666666666667,0.6208333333333333,0.6333333333333333,0.5991666666666666,0.02806243040080454,103
0.051103639602661136,0.004690835971643049,0.01798081398010254,0.0026738157599560126,100.0,4,0.1,rbf,"{'C': 100, 'degree': 4, 'gamma': 0.1, 'kernel': 'rbf'}",0.6375,0.6541666666666667,0.6125,0.6333333333333333,0.6208333333333333,0.6316666666666666,0.014337208778404362,25
0.045780611038208005,0.008918086417464863,0.0069729328155517575,0.0025203360347997522,100.0,4,0.1,poly,"{'C': 100, 'degree': 4, 'gamma': 0.1, 'kernel': 'poly'}",0.5833333333333334,0.6041666666666666,0.5333333333333333,0.5666666666666667,0.5833333333333334,0.5741666666666666,0.02362907813126304,174
3.3414910316467283,0.6635697291020355,0.003099822998046875,9.713298148844606e-05,100.0,4,1,linear,"{'C': 100, 'degree': 4, 'gamma': 1, 'kernel': 'linear'}",0.5833333333333334,0.6041666666666666,0.5541666666666667,0.6208333333333333,0.6333333333333333,0.5991666666666666,0.02806243040080454,103
0.05613722801208496,0.010730838373259307,0.01601104736328125,0.0008738968645108178,100.0,4,1,rbf,"{'C': 100, 'degree': 4, 'gamma': 1, 'kernel': 'rbf'}",0.275,0.3,0.3125,0.2916666666666667,0.29583333333333334,0.29500000000000004,0.012190615698606485,246
0.046804952621459964,0.0031259053319535077,0.007065677642822265,0.0025743028226249917,100.0,4,1,poly,"{'C': 100, 'degree': 4, 'gamma': 1, 'kernel': 'poly'}",0.5833333333333334,0.6041666666666666,0.5333333333333333,0.5666666666666667,0.5833333333333334,0.5741666666666666,0.02362907813126304,174
