phenotype	taxonomy rank level	NCBI taxon id	scientific name	super kingdom	Nr. runs in which the species/genus can be found	mean relative abundance	median relative abundance	SD of relative abundance
D009765	species	167	Treponema succinifaciens	Bacteria	1	14.5135	14.5135		
D009765	species	197	Campylobacter jejuni	Bacteria	1	0.20395	0.20395		
D009765	species	199	Campylobacter concisus	Bacteria	1	0.0015	0.0015		
D009765	species	287	Pseudomonas aeruginosa	Bacteria	1	0.70944	0.70944		
D009765	species	306	Pseudomonas sp.	Bacteria	3	0.0145733333333333	0.01518	0.00150470373606678	
D009765	species	470	Acinetobacter baumannii	Bacteria	1	0.00636	0.00636		
D009765	species	545	Citrobacter koseri	Bacteria	2	0.09207	0.09207	0.127646916139796	
D009765	species	546	Citrobacter freundii	Bacteria	29	0.0580689655172414	0.01406	0.111605755750986	
D009765	species	548	[Enterobacter] aerogenes	Bacteria	9	0.07714	0.02907	0.0978566592010988	
D009765	species	550	Enterobacter cloacae	Bacteria	52	0.304961730769231	0.025705	0.714401799255362	
D009765	species	562	Escherichia coli	Bacteria	394	2.92528342639594	0.61487	5.86410491303529	
D009765	species	564	Escherichia fergusonii	Bacteria	1	0.79052	0.79052		
D009765	species	569	Hafnia alvei	Bacteria	1	0.00182	0.00182		
D009765	species	571	Klebsiella oxytoca	Bacteria	9	0.0417766666666667	0.00721	0.0695653437424124	
D009765	species	573	Klebsiella pneumoniae	Bacteria	89	0.662531460674157	0.11385	1.72871069725293	
D009765	species	576	Klebsiella sp.	Bacteria	10	0.011119	0.01042	0.00921507394315302	
D009765	species	582	Morganella morganii	Bacteria	5	0.113004	0.11108	0.0173784645466739	
D009765	species	584	Proteus mirabilis	Bacteria	5	0.012344	0.01032	0.00798860939087649	
D009765	species	587	Providencia rettgeri	Bacteria	1	0.01051	0.01051		
D009765	species	589	Providencia sp.	Bacteria	1	0.03217	0.03217		
D009765	species	599	Salmonella sp.	Bacteria	1	0.00028	0.00028		
D009765	species	623	Shigella flexneri	Bacteria	6	0.0298533333333333	0.025735	0.0250563258812354	
D009765	species	624	Shigella sonnei	Bacteria	19	0.0876457894736842	0.05734	0.121015874914354	
D009765	species	703	Plesiomonas shigelloides	Bacteria	3	0.0586733333333333	0.06491	0.0507333227113436	
D009765	species	726	Haemophilus haemolyticus	Bacteria	4	0.0019975	0.00126	0.00189098519296159	
D009765	species	727	Haemophilus influenzae	Bacteria	2	0.00141	0.00141	0.00131521861300698	
D009765	species	729	Haemophilus parainfluenzae	Bacteria	193	0.228017202072539	0.0623	0.455333103237168	
D009765	species	732	Aggregatibacter aphrophilus	Bacteria	1	0.00367	0.00367		
D009765	species	735	Haemophilus parahaemolyticus	Bacteria	1	0.01563	0.01563		
D009765	species	739	Aggregatibacter segnis	Bacteria	3	0.00278	0.00155	0.00214776628151203	
D009765	species	817	Bacteroides fragilis	Bacteria	342	0.862422280701754	0.27442	2.02551365164321	
D009765	species	818	Bacteroides thetaiotaomicron	Bacteria	521	0.913739251439539	0.27873	1.85709716688273	
D009765	species	820	Bacteroides uniformis	Bacteria	774	3.35854280361757	1.249475	5.01513370744924	
D009765	species	821	Bacteroides vulgatus	Bacteria	720	3.72898072222222	1.445165	5.8638755164107	
D009765	species	823	Parabacteroides distasonis	Bacteria	582	0.831782096219931	0.232735	1.46055305199679	
D009765	species	827	Campylobacter ureolyticus	Bacteria	3	0.00908	0.00213	0.0127104248552124	
D009765	species	847	Oxalobacter formigenes	Bacteria	88	0.0262776136363636	0.014085	0.0429781955140291	
D009765	species	849	Fusobacterium gonidiaformans	Bacteria	3	0.862793333333333	1.13956	0.650675070394843	
D009765	species	850	Fusobacterium mortiferum	Bacteria	32	2.7466853125	0.62851	5.01880110971958	
D009765	species	851	Fusobacterium nucleatum	Bacteria	17	0.01962	0.0048	0.0605867268879909	
D009765	species	853	Faecalibacterium prausnitzii	Bacteria	774	6.77913560723514	5.13808	6.33852138046015	
D009765	species	856	Fusobacterium varium	Bacteria	23	0.108996956521739	0.03898	0.203897993847075	
D009765	species	860	Fusobacterium periodonticum	Bacteria	3	0.0363366666666667	0.04509	0.0320785681309708	
D009765	species	861	Fusobacterium ulcerans	Bacteria	26	0.547080384615385	0.05265	1.20118894441293	
D009765	species	876	Desulfovibrio desulfuricans	Bacteria	118	0.0381671186440678	0.01366	0.065393322839329	
D009765	species	901	Desulfovibrio piger	Bacteria	203	0.326322068965517	0.20184	0.354348809911642	
D009765	species	905	Acidaminococcus fermentans	Bacteria	26	0.500625	0.094125	1.43812338988072	
D009765	species	907	Megasphaera elsdenii	Bacteria	89	0.656021460674157	0.3234	0.780703600819843	
D009765	species	1244	Leuconostoc gelidum	Bacteria	1	0.01305	0.01305		
D009765	species	1245	Leuconostoc mesenteroides	Bacteria	25	0.0444268	0.02155	0.0505986550150627	
D009765	species	1246	Leuconostoc lactis	Bacteria	9	0.0449288888888889	0.00665	0.1052093678629	
D009765	species	1252	Leuconostoc carnosum	Bacteria	2	0.00487	0.00487	0.00166877200360025	
D009765	species	1254	Pediococcus acidilactici	Bacteria	4	0.05939	0.007385	0.107917181517433	
D009765	species	1255	Pediococcus pentosaceus	Bacteria	2	0.66139	0.66139	0.298526340881337	
D009765	species	1260	Finegoldia magna	Bacteria	17	0.00915294117647059	0.0094	0.00548305088968026	
D009765	species	1261	Peptostreptococcus anaerobius	Bacteria	7	0.0137314285714286	0.00664	0.0170195734656419	
D009765	species	1262	Peptostreptococcus sp.	Bacteria	22	0.00313090909090909	0.001775	0.00474298570732755	
D009765	species	1264	Ruminococcus albus	Bacteria	103	0.00680436893203883	0.00385	0.00877630708324506	
D009765	species	1265	Ruminococcus flavefaciens	Bacteria	45	0.0124868888888889	0.00485	0.0192914203518538	
D009765	species	1280	Staphylococcus aureus	Bacteria	4	0.0185475	0.010875	0.020381235446688	
D009765	species	1288	Staphylococcus xylosus	Bacteria	4	0.060335	0.06288	0.00792046084517814	
D009765	species	1302	Streptococcus gordonii	Bacteria	31	0.0121312903225806	0.00512	0.0219725978955509	
D009765	species	1304	Streptococcus salivarius	Bacteria	406	0.281400295566502	0.093355	0.582560535231995	
D009765	species	1305	Streptococcus sanguinis	Bacteria	67	0.0162373134328358	0.00545	0.0366066166639597	
D009765	species	1308	Streptococcus thermophilus	Bacteria	147	0.959743605442177	0.07655	1.74382222637199	
D009765	species	1309	Streptococcus mutans	Bacteria	20	0.050812	0.006135	0.164055069079033	
D009765	species	1310	Streptococcus sobrinus	Bacteria	7	0.0131814285714286	0.00205	0.0298423705652279	
D009765	species	1311	Streptococcus agalactiae	Bacteria	4	0.0102225	0.011045	0.0070737136639816	
D009765	species	1318	Streptococcus parasanguinis	Bacteria	323	0.183687894736842	0.0338	0.549722959509901	
D009765	species	1322	Blautia hansenii	Bacteria	11	0.0471654545454545	0.00305	0.104952519680438	
D009765	species	1328	Streptococcus anginosus	Bacteria	51	0.0613609803921569	0.00749	0.176727364380901	
D009765	species	1334	Streptococcus dysgalactiae	Bacteria	1	0.00783	0.00783		
D009765	species	1338	Streptococcus intermedius	Bacteria	7	0.00251	0.00151	0.00259688274667918	
D009765	species	1343	Streptococcus vestibularis	Bacteria	65	0.235038461538462	0.01392	1.24903711789976	
D009765	species	1351	Enterococcus faecalis	Bacteria	30	0.107506666666667	0.060615	0.149817026087648	
D009765	species	1352	Enterococcus faecium	Bacteria	28	0.134006071428571	0.05862	0.2209665490578	
D009765	species	1354	Enterococcus hirae	Bacteria	2	1.66569	1.66569	2.22421852235791	
D009765	species	1358	Lactococcus lactis	Bacteria	59	0.053776779661017	0.01248	0.124282655341608	
D009765	species	1363	Lactococcus garvieae	Bacteria	16	0.072306875	0.02637	0.110817851132312	
D009765	species	1366	Lactococcus raffinolactis	Bacteria	11	0.0127372727272727	0.00958	0.0109374312257578	
D009765	species	1377	Aerococcus viridans	Bacteria	1	0.01129	0.01129		
D009765	species	1379	Gemella haemolysans	Bacteria	13	0.00615615384615385	0.00218	0.0122524817475628	
D009765	species	1382	Atopobium parvulum	Bacteria	23	0.00469695652173913	0.00459	0.00376515173518051	
D009765	species	1383	Atopobium rimae	Bacteria	4	0.01161	0.00512	0.0150541290017058	
D009765	species	1490	Paraclostridium bifermentans	Bacteria	1	0.00123	0.00123		
D009765	species	1496	Clostridioides difficile	Bacteria	3	0.05251	0.00091	0.0898418811023011	
D009765	species	1502	Clostridium perfringens	Bacteria	36	0.0930122222222222	0.012215	0.277931274846459	
D009765	species	1505	Paeniclostridium sordellii	Bacteria	1	0.00576	0.00576		
D009765	species	1512	[Clostridium] symbiosum	Bacteria	99	0.0471525252525253	0.01177	0.0865492395343032	
D009765	species	1522	[Clostridium] innocuum	Bacteria	68	0.00980264705882353	0.004095	0.0224903645449804	
D009765	species	1531	[Clostridium] clostridioforme	Bacteria	57	0.139151052631579	0.02034	0.291007367657616	
D009765	species	1535	[Clostridium] leptum	Bacteria	335	0.0959954925373134	0.03975	0.184729207941645	
D009765	species	1547	Erysipelatoclostridium ramosum	Bacteria	39	0.0540505128205128	0.01326	0.13233122665153	
D009765	species	1579	Lactobacillus acidophilus	Bacteria	2	0.016325	0.016325	0.016609938290072	
D009765	species	1580	Lactobacillus brevis	Bacteria	1	1.40145	1.40145		
D009765	species	1581	Lactobacillus buchneri	Bacteria	1	0.0002	0.0002		
D009765	species	1582	Lactobacillus casei	Bacteria	17	0.187002941176471	0.04976	0.204479137712283	
D009765	species	1583	Weissella confusa	Bacteria	22	0.555604090909091	0.004715	1.52632458818612	
D009765	species	1584	Lactobacillus delbrueckii	Bacteria	55	1.70091290909091	0.61458	2.67652483709247	
D009765	species	1590	Lactobacillus plantarum	Bacteria	7	0.0258242857142857	0.00556	0.0499405809795143	
D009765	species	1596	Lactobacillus gasseri	Bacteria	11	0.0106436363636364	0.00472	0.0150489456592329	
D009765	species	1598	Lactobacillus reuteri	Bacteria	5	0.05379	0.04716	0.0397482685157479	
D009765	species	1599	Lactobacillus sakei	Bacteria	22	0.0389831818181818	0.008525	0.0540271643656591	
D009765	species	1604	Lactobacillus amylovorus	Bacteria	1	0.17563	0.17563		
D009765	species	1605	Lactobacillus animalis	Bacteria	13	0.256672307692308	0.18341	0.238868150212408	
D009765	species	1613	Lactobacillus fermentum	Bacteria	8	0.0045025	0.002435	0.00657230498814098	
D009765	species	1622	Lactobacillus murinus	Bacteria	4	0.0209025	0.021505	0.00919307846516425	
D009765	species	1623	Lactobacillus ruminis	Bacteria	146	1.86797376712329	0.650815	3.07733788909363	
D009765	species	1624	Lactobacillus salivarius	Bacteria	29	0.229675172413793	0.02566	0.791047302959007	
D009765	species	1625	Lactobacillus sanfranciscensis	Bacteria	5	0.076738	0.00489	0.121210688761346	
D009765	species	1633	Lactobacillus vaginalis	Bacteria	6	0.00589166666666667	0.00231	0.00908816684852708	
D009765	species	1655	Actinomyces naeslundii	Bacteria	1	0.0035	0.0035		
D009765	species	1656	Actinomyces viscosus	Bacteria	5	0.0046	0.00051	0.00892292272744755	
D009765	species	1660	Actinomyces odontolyticus	Bacteria	30	0.008719	0.004325	0.00994934492731851	
D009765	species	1680	Bifidobacterium adolescentis	Bacteria	530	5.4367898490566	2.43961	7.37916886627592	
D009765	species	1681	Bifidobacterium bifidum	Bacteria	82	0.775955243902439	0.505635	1.15162678236155	
D009765	species	1683	Bifidobacterium angulatum	Bacteria	81	2.25081530864198	2.15146	1.50384597139558	
D009765	species	1685	Bifidobacterium breve	Bacteria	10	0.088256	0.054055	0.0778786720482572	
D009765	species	1686	Bifidobacterium catenulatum	Bacteria	81	0.0602153086419753	0.0184	0.182386333637463	
D009765	species	1689	Bifidobacterium dentium	Bacteria	28	0.0169310714285714	0.01241	0.0156202801082879	
D009765	species	1735	Holdemanella biformis	Bacteria	448	1.27452912946429	0.76741	2.14614512071995	
D009765	species	1736	Eubacterium limosum	Bacteria	17	0.0155494117647059	0.0087	0.0179917170076219	
D009765	species	1744	Propionibacterium freudenreichii	Bacteria	6	0.0549283333333333	0.066275	0.0307394778203317	
D009765	species	1750	Propionibacterium propionicum	Bacteria	2	0.00271	0.00271	0.00117379725676967	
D009765	species	2039	Tropheryma whipplei	Bacteria	2	0.002255	0.002255	0.000586898628384834	
D009765	species	2047	Rothia dentocariosa	Bacteria	2	0.00086	0.00086	0.00014142135623731	
D009765	species	2173	Methanobrevibacter smithii	Archaea	227	0.904944052863436	0.32795	1.34224633418895	
D009765	species	2317	Methanosphaera stadtmanae	Archaea	36	0.125256666666667	0.0506	0.167573554476833	
D009765	species	2702	Gardnerella vaginalis	Bacteria	11	0.0325027272727273	0.01008	0.0713243920536178	
D009765	species	2751	Carnobacterium maltaromaticum	Bacteria	1	0.01304	0.01304		
D009765	species	28025	Bifidobacterium animalis	Bacteria	39	0.184316666666667	0.09443	0.232670571695978	
D009765	species	28026	Bifidobacterium pseudocatenulatum	Bacteria	187	0.634273475935829	0.23362	1.45728034281317	
D009765	species	28037	Streptococcus mitis	Bacteria	10	0.003691	0.001995	0.0052972266328712	
D009765	species	28038	Lactobacillus curvatus	Bacteria	6	0.0510083333333333	0.023655	0.0643411664229571	
D009765	species	28090	Acinetobacter lwoffii	Bacteria	1	1.90173	1.90173		
D009765	species	28111	Bacteroides eggerthii	Bacteria	259	1.49929826254826	0.42363	4.14783024196789	
D009765	species	28116	Bacteroides ovatus	Bacteria	565	1.1117365840708	0.27778	2.13422569494937	
D009765	species	28117	Alistipes putredinis	Bacteria	645	2.59349807751938	1.64543	2.97442173507074	
D009765	species	28118	Odoribacter splanchnicus	Bacteria	228	0.746760438596491	0.61822	0.555732124707944	
D009765	species	28121	Butyrivibrio sp.	Bacteria	2	0.013555	0.013555	0.0118864649917459	
D009765	species	28123	Porphyromonas asaccharolytica	Bacteria	16	0.00822875	0.003675	0.0100529417750892	
D009765	species	28125	Prevotella bivia	Bacteria	27	0.00686703703703704	0.00385	0.00868846751770804	
D009765	species	28126	Prevotella buccae	Bacteria	5	0.004204	0.00279	0.00433037873632319	
D009765	species	28127	Prevotella buccalis	Bacteria	10	0.009217	0.00542	0.01130685637616	
D009765	species	28130	Prevotella disiens	Bacteria	8	0.01104875	0.0033	0.0206462548921452	
D009765	species	28131	Prevotella intermedia	Bacteria	1	0.00137	0.00137		
D009765	species	28141	Cronobacter sakazakii	Bacteria	5	0.45714	0.00693	0.980504936397569	
D009765	species	28197	Arcobacter butzleri	Bacteria	1	0.00153	0.00153		
D009765	species	28901	Salmonella enterica	Bacteria	1	0.00092	0.00092		
D009765	species	29347	[Clostridium] scindens	Bacteria	45	0.00881777777777778	0.00184	0.0121330006198139	
D009765	species	29348	[Clostridium] spiroforme	Bacteria	4	0.4085025	0.262515	0.383509904641762	
D009765	species	29361	Tyzzerella nexilis	Bacteria	85	1.23077670588235	0.07508	3.01711191366543	
D009765	species	29391	Gemella morbillorum	Bacteria	12	0.00857833333333333	0.006485	0.0072691688074714	
D009765	species	29466	Veillonella parvula	Bacteria	225	0.102370311111111	0.02997	0.232658304907247	
D009765	species	31971	[Eubacterium] dolichum	Bacteria	49	0.0826432653061225	0.02187	0.1718028419486	
D009765	species	31973	Eggerthia catenaformis	Bacteria	2	0.0019	0.0019	0.00161220346110533	
D009765	species	33031	Peptoniphilus lacrimalis	Bacteria	8	0.01208	0.01027	0.00714224454515926	
D009765	species	33033	Parvimonas micra	Bacteria	10	0.125066	0.020465	0.254137105830691	
D009765	species	33035	Blautia producta	Bacteria	14	0.0117842857142857	0.007445	0.0115126938064607	
D009765	species	33037	Anaerococcus vaginalis	Bacteria	8	0.00809875	0.006325	0.00834059168421864	
D009765	species	33038	[Ruminococcus] gnavus	Bacteria	251	0.905980717131474	0.10097	2.14524296738945	
D009765	species	33039	[Ruminococcus] torques	Bacteria	747	1.76837950468541	1.12235	1.94873828608995	
D009765	species	33043	Coprococcus eutactus	Bacteria	77	1.27107961038961	0.74928	2.38449170795561	
D009765	species	33959	Lactobacillus johnsonii	Bacteria	2	0.07198	0.07198	0.0867337177803419	
D009765	species	33964	Leuconostoc citreum	Bacteria	5	0.007704	0.00249	0.0092522526986675	
D009765	species	33968	Leuconostoc pseudomesenteroides	Bacteria	7	0.00835428571428572	0.00399	0.0109046440521808	
D009765	species	34028	Comamonas sp.	Bacteria	1	0.00418	0.00418		
D009765	species	35517	[Eubacterium] brachy	Bacteria	11	0.00305090909090909	0.00177	0.00261655290237157	
D009765	species	35833	Bilophila wadsworthia	Bacteria	212	0.0513854716981132	0.02676	0.0722669032901705	
D009765	species	36773	Burkholderia sp.	Bacteria	2	0.0179	0.0179	0.00678822509939086	
D009765	species	36834	Clostridium celatum	Bacteria	10	0.050219	0.02235	0.0635014298089246	
D009765	species	36841	Terrisporobacter glycolicus	Bacteria	1	0.00058	0.00058		
D009765	species	37734	Enterococcus casseliflavus	Bacteria	3	0.277896666666667	0.20769	0.312815687799275	
D009765	species	39483	Faecalitalea cylindroides	Bacteria	60	0.217453666666667	0.09218	0.341073736224676	
D009765	species	39485	[Eubacterium] eligens	Bacteria	541	1.85955606284658	0.63374	2.71134492949557	
D009765	species	39486	Dorea formicigenerans	Bacteria	714	0.593566274509804	0.398515	0.565216806169849	
D009765	species	39488	[Eubacterium] hallii	Bacteria	731	1.15837495212038	0.54646	2.10059133737533	
D009765	species	39490	Eubacterium ramulus	Bacteria	556	0.400352338129496	0.15328	0.63085381441168	
D009765	species	39491	[Eubacterium] rectale	Bacteria	781	9.96200782330346	6.36019	10.4178411788848	
D009765	species	39492	[Eubacterium] siraeum	Bacteria	380	1.31205376315789	0.48244	2.30408716636267	
D009765	species	39496	Eubacterium ventriosum	Bacteria	462	0.480781926406926	0.206305	0.900235564763734	
D009765	species	39777	Veillonella atypica	Bacteria	135	0.0415574074074074	0.01885	0.0648496964855895	
D009765	species	39778	Veillonella dispar	Bacteria	100	0.0249694	0.00933	0.0445365059616572	
D009765	species	40518	Ruminococcus bromii	Bacteria	661	4.64214264750378	3.05796	5.71783212650061	
D009765	species	40519	Ruminococcus callidus	Bacteria	156	0.172583782051282	0.08289	0.249150887430768	
D009765	species	40520	Blautia obeum	Bacteria	754	0.767424031830239	0.43668	0.870900466733807	
D009765	species	40545	Sutterella wadsworthensis	Bacteria	272	0.617378014705882	0.171855	0.91421333274057	
D009765	species	41114	Actinobacillus sp.	Bacteria	6	0.00739666666666667	0.006785	0.00293185038272192	
D009765	species	43675	Rothia mucilaginosa	Bacteria	52	0.0112584615384615	0.00423	0.0152524823289381	
D009765	species	44008	Enterococcus cecorum	Bacteria	1	0.00173	0.00173		
D009765	species	45634	Streptococcus cristatus	Bacteria	11	0.00648818181818182	0.00485	0.00727826053144818	
D009765	species	45851	Butyrivibrio crossotus	Bacteria	161	10.4648633540373	2.6033	15.2559864737716	
D009765	species	46124	Granulicatella adiacens	Bacteria	39	0.0121207692307692	0.00431	0.0223195865582128	
D009765	species	46125	Abiotrophia defectiva	Bacteria	16	0.0035625	0.003245	0.00238486477604077	
D009765	species	46228	Ruminococcus lactaris	Bacteria	494	0.778112712550607	0.48093	0.977766238308728	
D009765	species	46503	Parabacteroides merdae	Bacteria	534	1.33219149812734	0.7988	1.5691713881516	
D009765	species	46506	Bacteroides stercoris	Bacteria	383	3.95291733681462	0.6346	7.82926562838914	
D009765	species	47678	Bacteroides caccae	Bacteria	392	1.61400821428571	0.943285	2.27069336028082	
D009765	species	47715	Lactobacillus rhamnosus	Bacteria	5	0.021318	0.00501	0.036447297156305	
D009765	species	47770	Lactobacillus crispatus	Bacteria	3	0.352133333333333	0.02414	0.584388076652265	
D009765	species	51123	[Eubacterium] saphenum	Bacteria	5	0.004522	0.00379	0.00167960412002353	
D009765	species	52226	Mitsuokella multacida	Bacteria	62	0.341086129032258	0.101605	0.715187524890179	
D009765	species	53345	Enterococcus durans	Bacteria	3	0.0343466666666667	0.0242	0.0354174001492675	
D009765	species	53346	Enterococcus mundtii	Bacteria	1	0.00878	0.00878		
D009765	species	53443	Blautia hydrogenotrophica	Bacteria	27	0.0430318518518518	0.01647	0.0602204164866315	
D009765	species	54005	Peptoniphilus harei	Bacteria	6	0.00588833333333333	0.00434	0.0053508482193636	
D009765	species	54291	Raoultella ornithinolytica	Bacteria	5	0.008874	0.00393	0.0122771710910942	
D009765	species	55565	Actinomyces graevenitzii	Bacteria	31	0.00731193548387097	0.00465	0.00761548922453655	
D009765	species	56774	[Eubacterium] infirmum	Bacteria	20	0.003752	0.002355	0.00412377139598157	
D009765	species	59310	Streptococcus macedonicus	Bacteria	7	0.0118	0.0021	0.0212210799285365	
D009765	species	59505	Actinotignum schaalii	Bacteria	1	0.00017	0.00017		
D009765	species	61171	Holdemania filiformis	Bacteria	242	0.0398667355371901	0.020865	0.0558095051884717	
D009765	species	61592	Corynebacterium durum	Bacteria	1	0.00755	0.00755		
D009765	species	66852	Methanobrevibacter sp.	Archaea	2	0.003025	0.003025	0.00159099025766973	
D009765	species	68891	Streptococcus peroris	Bacteria	1	0.00146	0.00146		
D009765	species	68892	Streptococcus infantis	Bacteria	52	0.00839326923076923	0.004045	0.0108095723231054	
D009765	species	69393	Pantoea sp.	Bacteria	9	0.0215611111111111	0.01737	0.0154202240940627	
D009765	species	74426	Collinsella aerofaciens	Bacteria	585	2.90752704273504	1.6354	3.83839497959308	
D009765	species	76517	Campylobacter hominis	Bacteria	7	0.0141957142857143	0.00517	0.0150318693194857	
D009765	species	76860	Streptococcus constellatus	Bacteria	10	0.002935	0.002765	0.00123543289758871	
D009765	species	82135	Atopobium vaginae	Bacteria	4	0.04503	0.011995	0.0744814531723614	
D009765	species	84026	[Clostridium] methylpentosum	Bacteria	12	0.0060575	0.00411	0.00515545628877353	
D009765	species	84112	Eggerthella lenta	Bacteria	79	0.0162332911392405	0.00477	0.044699071197874	
D009765	species	84135	Gemella sanguinis	Bacteria	45	0.0146204444444444	0.00711	0.0238805928199939	
D009765	species	88431	Dorea longicatena	Bacteria	752	1.29902174202128	0.84158	1.27708287324756	
D009765	species	89152	[Clostridium] hiranonis	Bacteria	5	0.347978	0.18891	0.327275437468197	
D009765	species	97478	Lactobacillus mucosae	Bacteria	7	0.123528571428571	0.10507	0.120675788572601	
D009765	species	100884	Coprobacillus cateniformis	Bacteria	21	0.992818571428571	0.67043	0.874770421180813	
D009765	species	100886	Catenibacterium mitsuokai	Bacteria	132	1.9861228030303	1.148895	2.49026270043035	
D009765	species	102148	Solobacterium moorei	Bacteria	56	0.014285	0.00502	0.02490487283463	
D009765	species	102684	Streptococcus infantarius	Bacteria	14	0.0384735714285714	0.019095	0.0466539685189956	
D009765	species	102862	Proteus penneri	Bacteria	2	0.01066	0.01066	0.00998434775035405	
D009765	species	103892	Veillonella ratti	Bacteria	1	9.37033	9.37033		
D009765	species	104608	Leptotrichia sp.	Bacteria	1	0.00269	0.00269		
D009765	species	105841	Anaerostipes caccae	Bacteria	7	0.05482	0.00741	0.0899941286973767	
D009765	species	106588	Pseudoflavonifractor capillosus	Bacteria	117	0.0202591452991453	0.00806	0.0481636934832955	
D009765	species	113107	Streptococcus australis	Bacteria	141	0.0380123404255319	0.01689	0.0507460652610947	
D009765	species	115778	Leuconostoc gelidum subsp. gasicomitatum	Bacteria	1	0.00178	0.00178		
D009765	species	116085	Coprococcus catus	Bacteria	565	0.304941238938053	0.17397	0.332517956386928	
D009765	species	118748	Bulleidia extructa	Bacteria	5	0.00176	0.00045	0.00247625725642551	
D009765	species	131111	Actinomyces turicensis	Bacteria	20	0.084652	0.011	0.105717993867498	
D009765	species	133926	Olsenella uli	Bacteria	3	0.00137	0.00145	0.000425675933075855	
D009765	species	137591	Weissella cibaria	Bacteria	13	0.0370761538461538	0.00791	0.053126444064838	
D009765	species	137732	Granulicatella elegans	Bacteria	3	0.00132	0.00084	0.0010645186705737	
D009765	species	147206	Collinsella stercoris	Bacteria	5	0.075172	0.00356	0.145852702991751	
D009765	species	147207	Collinsella intestinalis	Bacteria	68	5.26106544117647	2.06733	7.44341093650197	
D009765	species	150055	Streptococcus lutetiensis	Bacteria	7	0.10139	0.10046	0.0806468358544421	
D009765	species	154046	Hungatella hathewayi	Bacteria	128	0.132098203125	0.013855	0.370519738510487	
D009765	species	154288	Turicibacter sanguinis	Bacteria	32	0.0737978125	0.004195	0.227400257691776	
D009765	species	156456	Anaeroglobus geminatus	Bacteria	2	0.00617	0.00617	0.00551543289325507	
D009765	species	158847	Megamonas hypermegale	Bacteria	62	2.63989532258064	0.44232	3.97731002385796	
D009765	species	160386	Corynebacterium casei	Bacteria	1	0.00857	0.00857		
D009765	species	165179	Prevotella copri	Bacteria	380	12.6687964210526	4.338725	16.986205922609	
D009765	species	166486	Roseburia intestinalis	Bacteria	574	1.70486796167247	1.21161	2.11413904223784	
D009765	species	168810	Corynebacterium crenatum	Bacteria	1	0.00405	0.00405		
D009765	species	169435	Anaerotruncus colihominis	Bacteria	80	0.04500375	0.00695	0.121868469534873	
D009765	species	174709	Allobaculum stercoricanis	Bacteria	1	0.04591	0.04591		
D009765	species	178214	Facklamia hominis	Bacteria	1	0.0083	0.0083		
D009765	species	181487	Actinomyces cardiffensis	Bacteria	1	0.00024	0.00024		
D009765	species	184870	Varibaculum cambriense	Bacteria	1	0.00038	0.00038		
D009765	species	187326	Megasphaera micronuciformis	Bacteria	10	0.013802	0.00517	0.0284898218862651	
D009765	species	187327	Acidaminococcus intestini	Bacteria	97	0.123863608247423	0.04163	0.175824277151374	
D009765	species	188913	Cetobacterium somerae	Bacteria	3	0.01294	0.00715	0.0110305802204598	
D009765	species	197614	Streptococcus pasteurianus	Bacteria	12	0.625691666666667	0.051965	1.92268500911821	
D009765	species	204516	Bacteroides massiliensis	Bacteria	379	2.43122889182058	0.71481	4.35784604858162	
D009765	species	208479	[Clostridium] bolteae	Bacteria	233	0.262734935622318	0.0399	0.843107546835086	
D009765	species	208962	Escherichia albertii	Bacteria	1	0.01124	0.01124		
D009765	species	214851	Subdoligranulum variabile	Bacteria	95	0.00476852631578947	0.00267	0.00576323619350903	
D009765	species	214853	Anaerofustis stercorihominis	Bacteria	12	0.00617083333333333	0.00343	0.00588186497686411	
D009765	species	214856	Alistipes finegoldii	Bacteria	280	0.284941607142857	0.06052	0.64434152517468	
D009765	species	216816	Bifidobacterium longum	Bacteria	560	1.46811866071429	0.7099	2.13660027192186	
D009765	species	218538	Dialister invisus	Bacteria	183	11.0907564480874	4.96276	14.5968029992319	
D009765	species	228604	Prevotella salivae	Bacteria	1	0.00939	0.00939		
D009765	species	230143	Scardovia wiggsiae	Bacteria	16	0.00328625	0.00197	0.00326994775697309	
D009765	species	231049	Lactobacillus rossiae	Bacteria	1	0.00361	0.00361		
D009765	species	237576	Oribacterium sinus	Bacteria	15	0.00442066666666667	0.00214	0.00681055112796803	
D009765	species	239935	Akkermansia muciniphila	Bacteria	391	3.45441818414322	0.87408	7.35824528369425	
D009765	species	244366	Klebsiella variicola	Bacteria	1	0.00445	0.00445		
D009765	species	246787	Bacteroides cellulosilyticus	Bacteria	372	1.67778029569892	0.33699	3.95063989782558	
D009765	species	248039	Mucispirillum schaedleri	Bacteria	1	0.05206	0.05206		
D009765	species	249188	Haemophilus pittmaniae	Bacteria	4	0.031035	0.011955	0.0437294290686108	
D009765	species	257758	Streptococcus pseudopneumoniae	Bacteria	3	0.00282	0.00269	0.00228777184177094	
D009765	species	261299	Intestinibacter bartlettii	Bacteria	301	0.195542225913621	0.05998	0.401677758564452	
D009765	species	281920	Porphyromonas uenonis	Bacteria	7	0.00672714285714286	0.00286	0.00726144089072712	
D009765	species	291644	Bacteroides salyersiae	Bacteria	181	0.752180994475138	0.18909	1.45447053753213	
D009765	species	291645	Bacteroides nordii	Bacteria	102	0.0658138235294118	0.01237	0.140703538486641	
D009765	species	292800	Flavonifractor plautii	Bacteria	219	0.0465533789954338	0.01723	0.0814199724528207	
D009765	species	301301	Roseburia hominis	Bacteria	617	0.739639805510535	0.27595	1.19836546523415	
D009765	species	309120	Dialister micraerophilus	Bacteria	2	0.00132	0.00132	0.000381837661840736	
D009765	species	310297	Bacteroides plebeius	Bacteria	239	2.74444410041841	0.52495	5.87737727706968	
D009765	species	310298	Bacteroides coprocola	Bacteria	131	5.05107458015267	2.30309	7.7845753698197	
D009765	species	315405	Streptococcus gallolyticus	Bacteria	2	0.001405	0.001405	0.00118086832458153	
D009765	species	322095	Porphyromonas somerae	Bacteria	8	0.02224875	0.00695	0.0398979152471834	
D009765	species	328812	Parabacteroides goldsteinii	Bacteria	126	0.29111119047619	0.03148	0.96488865703322	
D009765	species	328813	Alistipes onderdonkii	Bacteria	412	0.832306237864078	0.207575	1.60849837676213	
D009765	species	328814	Alistipes shahii	Bacteria	538	0.451904795539033	0.212495	0.625317434807448	
D009765	species	329854	Bacteroides intestinalis	Bacteria	168	0.861742380952381	0.092155	1.91543437696741	
D009765	species	333367	[Clostridium] asparagiforme	Bacteria	121	0.0335710743801653	0.00877	0.0729173397279601	
D009765	species	338188	Bacteroides finegoldii	Bacteria	297	0.680547474747475	0.246	1.35436440074078	
D009765	species	341694	Peptostreptococcus stomatis	Bacteria	23	0.0182273913043478	0.00287	0.0599801142968834	
D009765	species	357276	Bacteroides dorei	Bacteria	541	3.21574500924214	0.51665	7.50290487489453	
D009765	species	358743	[Clostridium] citroniae	Bacteria	143	0.0198338461538462	0.01023	0.0280503720424996	
D009765	species	360807	Roseburia inulinivorans	Bacteria	709	1.37686640338505	0.70257	2.02556834272888	
D009765	species	363265	Prevotella stercorea	Bacteria	90	4.05087777777778	0.97545	8.84977064273201	
D009765	species	371601	Bacteroides xylanisolvens	Bacteria	419	0.38460307875895	0.0777	0.935818880653659	
D009765	species	376804	Bacteroides barnesiae	Bacteria	7	4.13404857142857	0.71861	6.41741560091087	
D009765	species	376805	Bacteroides salanitronis	Bacteria	5	1.633248	1.58808	1.26004168402081	
D009765	species	384638	[Bacteroides] pectinophilus	Bacteria	14	2.38352714285714	0.553455	4.08202273354094	
D009765	species	386414	Prevotella timonensis	Bacteria	6	0.01185	0.006455	0.0155906420650338	
D009765	species	387090	Bacteroides coprophilus	Bacteria	66	3.27173924242424	2.084135	3.48399387725873	
D009765	species	387661	Parabacteroides johnsonii	Bacteria	144	0.280153958333333	0.040055	1.00829595193912	
D009765	species	410072	Coprococcus comes	Bacteria	721	1.15581238557559	0.88823	1.05876886940151	
D009765	species	411486	Clostridium sp. M62/1	Bacteria	1	1.38056	1.38056		
D009765	species	411489	Clostridium sp. L2-50	Bacteria	73	3.27570219178082	2.67563	3.40641240235817	
D009765	species	413497	Cronobacter dublinensis	Bacteria	1	0.01465	0.01465		
D009765	species	413503	Cronobacter malonaticus	Bacteria	1	0.00775	0.00775		
D009765	species	416586	Selenomonas bovis	Bacteria	2	0.058915	0.058915	0.0657680017181608	
D009765	species	419005	Prevotella amnii	Bacteria	1	0.53746	0.53746		
D009765	species	419015	Alloscardovia omnicolens	Bacteria	11	0.00637818181818182	0.0035	0.00577339556618428	
D009765	species	437897	Megamonas funiformis	Bacteria	41	1.88014048780488	0.50233	3.67171156290833	
D009765	species	437898	Sutterella parvirubra	Bacteria	1	2.26319	2.26319		
D009765	species	446660	Adlercreutzia equolifaciens	Bacteria	297	0.19415835016835	0.05405	0.320714336243223	
D009765	species	447455	candidate division TM7 single-cell isolate TM7b	Bacteria	6	0.00981666666666667	0.01117	0.00605242651063742	
D009765	species	447456	candidate division TM7 single-cell isolate TM7c	Bacteria	17	0.00974764705882353	0.00373	0.0116753878572683	
D009765	species	454154	Paraprevotella clara	Bacteria	272	0.542172169117647	0.184965	1.36840363763244	
D009765	species	454155	Paraprevotella xylaniphila	Bacteria	169	0.291356923076923	0.02909	1.65146420846486	
D009765	species	457390	Bacteroides sp. 3_1_23	Bacteria	1	0.21865	0.21865		
D009765	species	457392	Bacteroides sp. 3_2_5	Bacteria	2	1.95686	1.95686	2.37966887713396	
D009765	species	457394	Bacteroides sp. 4_3_47FAA	Bacteria	4	16.4679475	11.5104	15.0549635311091	
D009765	species	457395	Bacteroides sp. 9_1_42FAA	Bacteria	1	6.67218	6.67218		
D009765	species	457402	Eubacterium sp. 3_1_31	Bacteria	35	0.0687277142857143	0.00748	0.154776786298769	
D009765	species	457412	Ruminococcus sp. 5_1_39BFAA	Bacteria	325	2.21501230769231	1.34404	2.40544081151009	
D009765	species	457415	Synergistes sp. 3_1_syn1	Bacteria	2	1.005335	1.005335	0.851024224361446	
D009765	species	457416	Veillonella sp. 3_1_44	Bacteria	1	0.3726	0.3726		
D009765	species	457421	Clostridiales bacterium 1_7_47FAA	Bacteria	72	0.0193873611111111	0.007275	0.0336402108479708	
D009765	species	457422	Erysipelotrichaceae bacterium 2_2_44A	Bacteria	91	0.0211320879120879	0.00323	0.0536556264320379	
D009765	species	469585	Bacteroides sp. 1_1_14	Bacteria	5	3.4737	3.50656	0.718587716392369	
D009765	species	469588	Bacteroides sp. 2_1_22	Bacteria	20	1.544836	0.95708	1.66085089418964	
D009765	species	469592	Bacteroides sp. 3_1_19	Bacteria	15	2.72357533333333	3.38306	1.87402910170599	
D009765	species	469610	Burkholderiales bacterium 1_1_47	Bacteria	160	0.1510611875	0.044025	0.236109001960444	
D009765	species	469613	Enterobacteriaceae bacterium 9_2_54FAA	Bacteria	1	0.02027	0.02027		
D009765	species	469614	Erysipelotrichaceae bacterium 6_1_45	Bacteria	78	0.030264358974359	0.004525	0.0957993836515941	
D009765	species	471189	Gordonibacter pamelaeae	Bacteria	165	0.123340666666667	0.02238	0.266711609954102	
D009765	species	487173	Dialister succinatiphilus	Bacteria	61	4.16490950819672	1.90988	5.76745997779826	
D009765	species	487174	Barnesiella intestinihominis	Bacteria	521	1.4018658925144	0.80505	1.77670135847966	
D009765	species	487175	Parasutterella excrementihominis	Bacteria	181	0.139608839779006	0.03784	0.255128186243442	
D009765	species	491921	Megamonas rupellensis	Bacteria	55	1.04942363636364	0.06337	1.89538060714715	
D009765	species	501496	Porphyromonas bennonis	Bacteria	12	0.00743833333333333	0.002555	0.00966194675784933	
D009765	species	501571	Butyricicoccus pullicaecorum	Bacteria	19	0.0768673684210526	0.00166	0.18905490051664	
D009765	species	507750	Peptoniphilus duerdenii	Bacteria	2	0.00918	0.00918	0.00997020561473032	
D009765	species	539813	Enterobacter mori	Bacteria	3	0.0815966666666667	0.00298	0.13833006698955	
D009765	species	544580	Actinomyces oris	Bacteria	3	0.00741666666666667	0.00914	0.00400357756679365	
D009765	species	544581	Actinomyces johnsonii	Bacteria	1	0.00033	0.00033		
D009765	species	544644	Butyricimonas synergistica	Bacteria	32	0.0350146875	0.00099	0.105126666853706	
D009765	species	552395	Lachnospiraceae bacterium 4_1_37FAA	Bacteria	28	0.0149825	0.006025	0.0181725290490079	
D009765	species	552396	Erysipelotrichaceae bacterium 5_2_54FAA	Bacteria	20	0.408755	0.01559	0.76275236096859	
D009765	species	552398	Ruminococcaceae bacterium D16	Bacteria	161	0.118165279503106	0.00648	0.314310763439351	
D009765	species	563193	Parabacteroides sp. D13	Bacteria	20	2.1882415	2.060625	1.05400407192	
D009765	species	626929	Bacteroides clarus	Bacteria	144	0.339424930555556	0.066565	0.982512687352376	
D009765	species	626930	Bacteroides fluxus	Bacteria	1	1.03635	1.03635		
D009765	species	626931	Bacteroides oleiciplenus	Bacteria	23	0.567216956521739	0.01886	1.06066375305721	
D009765	species	626932	Alistipes indistinctus	Bacteria	284	0.154317007042254	0.035815	0.267082642502927	
D009765	species	626933	Odoribacter laneus	Bacteria	8	0.39198375	0.499235	0.252285056742085	
D009765	species	626934	Slackia piriformis	Bacteria	84	0.29888630952381	0.121345	0.465373405137324	
D009765	species	626935	Collinsella tanakaei	Bacteria	63	0.210964285714286	0.06741	0.403679910839278	
D009765	species	626938	Succinatimonas hippei	Bacteria	44	0.2253075	0.06522	0.311533897443593	
D009765	species	626940	Phascolarctobacterium succinatutens	Bacteria	206	4.06321791262136	3.64602	3.22047107158565	
D009765	species	638849	Pyramidobacter piscolens	Bacteria	9	0.0169133333333333	0.01292	0.0186043771731278	
D009765	species	649724	Clostridium sp. ATCC BAA-442	Bacteria	4	0.436555	0.35821	0.378095646937826	
D009765	species	649756	Anaerostipes hadrus	Bacteria	437	0.0982843249427918	0.03931	0.205791918181499	
D009765	species	658081	Lachnospiraceae bacterium 1_1_57FAA	Bacteria	342	0.698739502923977	0.335345	1.04863663971265	
D009765	species	658082	Lachnospiraceae bacterium 2_1_58FAA	Bacteria	130	0.150196461538462	0.024045	0.410599242276365	
D009765	species	658083	Lachnospiraceae bacterium 6_1_63FAA	Bacteria	42	0.0376802380952381	0.00825	0.0907526287058127	
D009765	species	658085	Lachnospiraceae bacterium 5_1_57FAA	Bacteria	48	0.0410572916666667	0.019005	0.0636519284439719	
D009765	species	658086	Lachnospiraceae bacterium 3_1_57FAA_CT1	Bacteria	106	0.121088867924528	0.01391	0.356996783088936	
D009765	species	658087	Lachnospiraceae bacterium 7_1_58FAA	Bacteria	413	0.0722013801452785	0.02481	0.199170837634096	
D009765	species	658088	Lachnospiraceae bacterium 9_1_43BFAA	Bacteria	52	0.0687467307692308	0.009515	0.208588714617002	
D009765	species	658089	Lachnospiraceae bacterium 5_1_63FAA	Bacteria	517	0.133683384912959	0.06767	0.240931889712787	
D009765	species	658655	Lachnospiraceae bacterium 1_4_56FAA	Bacteria	138	0.0685958695652174	0.024525	0.1400041750771	
D009765	species	658657	Erysipelotrichaceae bacterium 21_3	Bacteria	96	0.00635625	0.00311	0.00904558831114576	
D009765	species	658659	Erysipelotrichaceae bacterium 3_1_53	Bacteria	10	0.028737	0.019905	0.021450285701283	
D009765	species	665950	Lachnospiraceae bacterium 3_1_46FAA	Bacteria	442	0.297296357466063	0.144985	0.429789423449349	
D009765	species	665951	Lachnospiraceae bacterium 8_1_57FAA	Bacteria	290	0.673323517241379	0.43189	0.715345855799165	
D009765	species	665956	Subdoligranulum sp. 4_3_54A2FAA	Bacteria	36	0.552630833333333	0.31767	0.865816597472748	
D009765	species	671266	Enterorhabdus caecimuris	Bacteria	1	0.02624	0.02624		
D009765	species	674529	Bacteroides faecis	Bacteria	214	0.725348831775701	0.03184	1.47057574315724	
D009765	species	693988	Bilophila sp. 4_1_30	Bacteria	1	0.31639	0.31639		
D009765	species	699192	Megasphaera genomosp. type_1	Bacteria	1	0.02246	0.02246		
D009765	species	742723	Lachnospiraceae bacterium 2_1_46FAA	Bacteria	16	0.43974	0.208655	0.510294552077523	
D009765	species	749535	Klebsiella sp. MS 92-3	Bacteria	4	0.2413975	0.15997	0.217075062804705	
D009765	species	751585	Coprococcus sp. ART55/1	Bacteria	171	5.59224023391813	3.28445	6.78974829207499	
D009765	species	796942	Stomatobaculum longum	Bacteria	2	0.002805	0.002805	0.00350017856687341	
D009765	species	908612	Alistipes sp. HGB5	Bacteria	10	0.833219	0.581055	0.671211995198901	
D009765	species	936548	Actinomyces sp. ICM47	Bacteria	1	0.09647	0.09647		
D009765	species	1070699	Clostridiaceae bacterium JC118	Bacteria	64	0.03431640625	0.01354	0.0651906115639845	
D009765	species	1077464	Streptococcus tigurinus	Bacteria	10	0.002167	0.002065	0.000820948638263483	
D009765	species	1078480	Haemophilus sputorum	Bacteria	4	0.02455	0.00566	0.0410627576602774	
D009765	species	1095771	Ruminococcus sp. JC304	Bacteria	4	0.17327	0.16235	0.0746907526627851	
D009765	species	1099853	Coprobacter fastidiosus	Bacteria	236	0.227761144067797	0.04023	0.506390833033525	
D009765	species	1105032	Streptococcus sp. BS35b	Bacteria	1	0.03159	0.03159		
D009765	species	1111120	Acidaminococcus sp. BV3L6	Bacteria	10	1.212761	1.340585	0.29938029688935	
D009765	species	1118060	Enorma massiliensis phI	Bacteria	71	0.941933098591549	0.12932	1.359130242289	
D009765	species	1118061	Alistipes obesi	Bacteria	446	0.308435896860987	0.17499	0.390284411164708	
D009765	species	1161942	Ruminococcus champanellensis	Bacteria	16	0.63358875	0.376215	0.897187738606029	
D009765	species	1203556	Actinomyces sp. HPA0247	Bacteria	1	0.13538	0.13538		
D009765	species	1211813	Candidatus Alistipes marseilloanorexicus AP11	Bacteria	56	0.607057857142857	0.40723	0.541178888967794	
D009765	species	1211819	Holdemania massiliensis AP2	Bacteria	11	0.194784545454545	0.17124	0.0980658545431218	
D009765	species	1226322	Oscillibacter sp. KLE 1728	Bacteria	1	0.64922	0.64922		
D009765	species	1226323	Oscillibacter sp. KLE 1745	Bacteria	43	0.716064418604651	0.53996	0.53905953498973	
D009765	species	1226325	Clostridium sp. KLE 1755	Bacteria	5	0.608412	0.50442	0.452928066220233	
D009765	species	1287640	Anaerococcus obesiensis	Bacteria	5	0.004864	0.00125	0.00692267506098618	
D009765	species	1288121	Alistipes senegalensis	Bacteria	256	0.0327505859375	0.014675	0.0559399230551852	
D009765	species	1329817	Enterobacter sp. MGH 8	Bacteria	1	0.66243	0.66243		
D009765	species	1486246	Halomonas sp.	Bacteria	1	0.01453	0.01453		
